gene_symbol	uniprot_acc	prior_reason	n_db_votes
A1BG	P04217	secreted_only	0
A3GALT2	U3KPV4	endomembrane_resident	0
A4GNT	Q9UNA3	endomembrane_resident	0
AAAS	Q9NRG9	nuclear_envelope	0
AADAC	P22760	endomembrane_resident	0
ABCD1	P33897	endomembrane_resident	0
ABCD2	Q9UBJ2	endomembrane_resident	0
ABCD3	P28288	endomembrane_resident	0
ABHD12B	Q7Z5M8	endomembrane_resident	0
ABHD13	Q7L211	inner_leaflet_anchored	0
ABHD15	Q6UXT9	endomembrane_resident	0
ABHD17A	Q96GS6	inner_leaflet_anchored	0
ABHD17B	Q5VST6	inner_leaflet_anchored	0
ABHD17C	Q6PCB6	inner_leaflet_anchored	0
ABHD4	Q8TB40	endomembrane_resident	0
ABLIM1	O14639	inner_leaflet_anchored	0
ABO	P16442	endomembrane_resident	0
ACAN	P16112	secreted_only	0
ACAP2	Q15057	inner_leaflet_anchored	0
ACBD3	Q9H3P7	endomembrane_resident	0
ACBD5	Q5T8D3	endomembrane_resident	0
ACER1	Q8TDN7	endomembrane_resident	0
ACER2	Q5QJU3	endomembrane_resident	0
ACER3	Q9NUN7	endomembrane_resident	0
ACOT4	Q8N9L9	endomembrane_resident	0
ACOT8	O14734	endomembrane_resident	0
ACOX1	Q15067	other	0
ACOX2	Q99424	other	0
ACOX3	O15254	endomembrane_resident	0
ACOXL	Q9NUZ1	other	0
ACP5	P13686	secreted_only	0
ACP7	Q6ZNF0	secreted_only	0
ACSL1	P33121	inner_leaflet_anchored	0
ACSL3	O95573	endomembrane_resident	0
ACSL4	O60488	endomembrane_resident	0
ACSL5	Q9ULC5	endomembrane_resident	0
ACSL6	Q9UKU0	inner_leaflet_anchored	0
ACTL8	Q9H568	pmhc_only_intracellular	0
ACTN4	O43707	inner_leaflet_anchored	0
ADAMDEC1	O15204	secreted_only	0
ADAMTS10	Q9H324	secreted_only	0
ADAMTS18	Q8TE60	secreted_only	0
ADAMTS20	P59510	secreted_only	0
ADAMTS4	O75173	secreted_only	0
ADAMTSL1	Q8N6G6	secreted_only	0
ADAMTSL2	Q86TH1	secreted_only	0
ADAMTSL3	P82987	secreted_only	0
ADAMTSL5	Q6ZMM2	secreted_only	0
ADAP2	Q9NPF8	inner_leaflet_anchored	0
ADCYAP1	P18509	secreted_only	0
ADM	P35318	secreted_only	0
ADM2	Q7Z4H4	secreted_only	0
ADM5	C9JUS6	secreted_only	0
AFAP1L2	Q8N4X5	inner_leaflet_anchored	0
AFM	P43652	secreted_only	0
AFP	P02771	secreted_only	0
AGA	P20933	endomembrane_resident	0
AGMO	Q6ZNB7	endomembrane_resident	0
AGPAT1	Q99943	endomembrane_resident	0
AGPAT2	O15120	endomembrane_resident	0
AGPAT3	Q9NRZ7	endomembrane_resident	0
AGPAT4	Q9NRZ5	endomembrane_resident	0
AGPAT5	Q9NUQ2	endomembrane_resident	0
AGPS	O00116	endomembrane_resident	0
AGR3	Q8TD06	endomembrane_resident	0
AGRP	O00253	secreted_only	0
AGT	P01019	secreted_only	0
AGXT	P21549	other	0
AHCTF1	Q8WYP5	nuclear_envelope	0
AIDA	Q96BJ3	inner_leaflet_anchored	0
AKT1	P31749	inner_leaflet_anchored	0
AKT3	Q9Y243	inner_leaflet_anchored	0
ALB	P02768	secreted_only	0
ALDH3A2	P51648	endomembrane_resident	0
ALG1	Q9BT22	endomembrane_resident	0
ALG11	Q2TAA5	endomembrane_resident	0
ALG12	Q9BV10	endomembrane_resident	0
ALG13	Q9NP73	endomembrane_resident	0
ALG14	Q96F25	endomembrane_resident	0
ALG1L2	C9J202	endomembrane_resident	0
ALG2	Q9H553	endomembrane_resident	0
ALG3	Q92685	endomembrane_resident	0
ALG5	Q9Y673	endomembrane_resident	0
ALG6	Q9Y672	endomembrane_resident	0
ALG8	Q9BVK2	endomembrane_resident	0
ALG9	Q9H6U8	endomembrane_resident	0
ALKAL1	Q6UXT8	secreted_only	0
AMBN	Q9NP70	secreted_only	0
AMELY	Q99218	secreted_only	0
AMER3	Q8N944	inner_leaflet_anchored	0
AMH	P03971	secreted_only	0
AMY1A	P0DUB6	secreted_only	0
AMY1B	P0DTE7	secreted_only	0
AMY1C	P0DTE8	secreted_only	0
AMY2A	P04746	secreted_only	0
AMY2B	P19961	secreted_only	0
ANGEL1	Q9UNK9	endomembrane_resident	0
ANGPT2	O15123	secreted_only	0
ANGPT4	Q9Y264	secreted_only	0
ANGPTL5	Q86XS5	secreted_only	0
ANGPTL6	Q8NI99	secreted_only	0
ANKLE2	Q86XL3	nuclear_envelope	0
ANKRD13C	Q8N6S4	endomembrane_resident	0
ANKRD13D	Q6ZTN6	inner_leaflet_anchored	0
ANKRD50	Q9ULJ7	endomembrane_resident	0
ANXA10	Q9UJ72	inner_leaflet_anchored	0
ANXA7	P20073	inner_leaflet_anchored	0
AOAH	P28039	endomembrane_resident	0
AP1G1	O43747	endomembrane_resident	0
APELA	P0DMC3	secreted_only	0
APLN	Q9ULZ1	secreted_only	0
APOA1	P02647	secreted_only	0
APOA2	P02652	secreted_only	0
APOA5	Q6Q788	secreted_only	0
APOC1	P02654	secreted_only	0
APOC2	P02655	secreted_only	0
APOC4	P55056	secreted_only	0
APOF	Q13790	secreted_only	0
APOL4	Q9BPW4	secreted_only	0
ARAP2	Q8WZ64	inner_leaflet_anchored	0
ARAP3	Q8WWN8	inner_leaflet_anchored	0
ARB2A	Q8WUF8	endomembrane_resident	0
ARCN1	P48444	endomembrane_resident	0
ARF3	P61204	inner_leaflet_anchored	0
ARF5	P84085	inner_leaflet_anchored	0
ARFGAP3	Q9NP61	endomembrane_resident	0
ARFIP1	P53367	endomembrane_resident	0
ARFIP2	P53365	inner_leaflet_anchored	0
ARFRP1	Q13795	inner_leaflet_anchored	0
ARHGAP18	Q8N392	inner_leaflet_anchored	0
ARHGAP35	Q9NRY4	inner_leaflet_anchored	0
ARHGEF25	Q86VW2	inner_leaflet_anchored	0
ARHGEF39	Q8N4T4	inner_leaflet_anchored	0
ARL1	P40616	inner_leaflet_anchored	0
ARL14	Q8N4G2	inner_leaflet_anchored	0
ARL15	Q9NXU5	inner_leaflet_anchored	0
ARL17A	Q8IVW1	inner_leaflet_anchored	0
ARL17B	I3L3L1	inner_leaflet_anchored	0
ARL4D	P49703	inner_leaflet_anchored	0
ARL5C	A6NH57	endomembrane_resident	0
ARL6	Q9H0F7	inner_leaflet_anchored	0
ARL6IP1	Q15041	endomembrane_resident	0
ARL6IP5	O75915	endomembrane_resident	0
ARL6IP6	Q8N6S5	nuclear_envelope	0
ARL8B	Q9NVJ2	inner_leaflet_anchored	0
ARLN	Q8WVX3	endomembrane_resident	0
ARMCX3	Q9UH62	other	0
ARMH3	Q5T2E6	endomembrane_resident	0
ARMS2	P0C7Q2	secreted_only	0
ARRDC2	Q8TBH0	inner_leaflet_anchored	0
ARSA	P15289	secreted_only	0
ARSG	Q96EG1	endomembrane_resident	0
ARSI	Q5FYB1	secreted_only	0
ARSK	Q6UWY0	endomembrane_resident	0
ARTN	Q5T4W7	secreted_only	0
ARV1	Q9H2C2	endomembrane_resident	0
ASAH1	Q13510	endomembrane_resident	0
ASAP1	Q9ULH1	inner_leaflet_anchored	0
ASPHD1	Q5U4P2	endomembrane_resident	0
ASPHD2	Q6ICH7	endomembrane_resident	0
ATF6	P18850	endomembrane_resident	0
ATG14	Q6ZNE5	inner_leaflet_anchored	0
ATG9B	Q674R7	endomembrane_resident	0
ATL2	Q8NHH9	endomembrane_resident	0
ATL3	Q6DD88	endomembrane_resident	0
ATP10A	O60312	other	0
ATP10B	O94823	endomembrane_resident	0
ATP13A4	Q4VNC1	endomembrane_resident	0
ATP2A1	O14983	endomembrane_resident	0
ATP2A2	P16615	endomembrane_resident	0
ATP2A3	Q93084	endomembrane_resident	0
ATP2C1	P98194	endomembrane_resident	0
ATP6V0B	Q99437	endomembrane_resident	0
ATP6V0C	P27449	endomembrane_resident	0
ATP6V0E1	O15342	endomembrane_resident	0
ATP6V0E2	Q8NHE4	endomembrane_resident	0
ATP8A1	Q9Y2Q0	inner_leaflet_anchored	0
ATP8B3	O60423	inner_leaflet_anchored	0
ATP8B4	Q8TF62	endomembrane_resident	0
ATXN2	Q99700	inner_leaflet_anchored	0
AUP1	Q9Y679	endomembrane_resident	0
AVL9	Q8NBF6	endomembrane_resident	0
AVP	P01185	secreted_only	0
AWAT1	Q58HT5	endomembrane_resident	0
AWAT2	Q6E213	endomembrane_resident	0
B3GALNT1	O75752	endomembrane_resident	0
B3GALNT2	Q8NCR0	endomembrane_resident	0
B3GALT1	Q9Y5Z6	endomembrane_resident	0
B3GALT4	O96024	endomembrane_resident	0
B3GALT5	Q9Y2C3	endomembrane_resident	0
B3GALT6	Q96L58	endomembrane_resident	0
B3GALT9	A8MXE2	endomembrane_resident	0
B3GAT1	Q9P2W7	endomembrane_resident	0
B3GAT2	Q9NPZ5	endomembrane_resident	0
B3GAT3	O94766	endomembrane_resident	0
B3GLCT	Q6Y288	endomembrane_resident	0
B3GNT3	Q9Y2A9	endomembrane_resident	0
B3GNT4	Q9C0J1	endomembrane_resident	0
B3GNT5	Q9BYG0	endomembrane_resident	0
B3GNT6	Q6ZMB0	endomembrane_resident	0
B3GNT7	Q8NFL0	endomembrane_resident	0
B3GNT8	Q7Z7M8	endomembrane_resident	0
B3GNT9	Q6UX72	endomembrane_resident	0
B4GALNT1	Q00973	endomembrane_resident	0
B4GALNT2	Q8NHY0	endomembrane_resident	0
B4GALNT3	Q6L9W6	endomembrane_resident	0
B4GALNT4	Q76KP1	endomembrane_resident	0
B4GALT2	O60909	endomembrane_resident	0
B4GALT3	O60512	endomembrane_resident	0
B4GALT4	O60513	endomembrane_resident	0
B4GALT5	O43286	endomembrane_resident	0
B4GALT6	Q9UBX8	endomembrane_resident	0
B4GALT7	Q9UBV7	endomembrane_resident	0
B4GAT1	O43505	endomembrane_resident	0
BAGE	Q13072	pmhc_only_intracellular	0
BAGE3	Q86Y29	pmhc_only_intracellular	0
BAGE4	Q86Y28	pmhc_only_intracellular	0
BAGE5	Q86Y27	pmhc_only_intracellular	0
BAIAP2L2	Q6UXY1	inner_leaflet_anchored	0
BCAP29	Q9UHQ4	endomembrane_resident	0
BCAP31	P51572	endomembrane_resident	0
BCL2	P10415	inner_leaflet_anchored	0
BCL2L11	O43521	inner_leaflet_anchored	0
BET1	O15155	endomembrane_resident	0
BET1L	Q9NYM9	endomembrane_resident	0
BFAR	Q9NZS9	endomembrane_resident	0
BGLAP	P02818	secreted_only	0
BIK	Q13323	endomembrane_resident	0
BIN3	Q9NQY0	inner_leaflet_anchored	0
BIVM	Q86UB2	secreted_only	0
BLK	P51451	inner_leaflet_anchored	0
BLTP3A	Q6BDS2	endomembrane_resident	0
BLZF1	Q9H2G9	endomembrane_resident	0
BMP15	O95972	secreted_only	0
BMP3	P12645	secreted_only	0
BMP4	P12644	secreted_only	0
BMP5	P22003	secreted_only	0
BMP6	P22004	secreted_only	0
BMP7	P18075	secreted_only	0
BMP8B	P34820	secreted_only	0
BMPER	Q8N8U9	secreted_only	0
BNIP1	Q12981	endomembrane_resident	0
BOK	Q9UMX3	endomembrane_resident	0
BORCS5	Q969J3	inner_leaflet_anchored	0
BPI	P17213	secreted_only	0
BPIFA2	Q96DR5	secreted_only	0
BPIFB1	Q8TDL5	secreted_only	0
BRINP1	O60477	secreted_only	0
BRINP3	Q76B58	secreted_only	0
BROX	Q5VW32	nuclear_envelope	0
C10orf105	Q8TEF2	other	0
C11orf24	Q96F05	endomembrane_resident	0
C11orf52	Q96A22	secreted_only	0
C11orf87	Q6NUJ2	other	0
C12orf43	Q96C57	nuclear_envelope	0
C12orf76	Q8N812	endomembrane_resident	0
C14orf132	Q9NPU4	other	0
C17orf75	Q9HAS0	endomembrane_resident	0
C17orf78	Q8N4C9	endomembrane_resident	0
C18orf32	Q8TCD1	endomembrane_resident	0
C19orf18	Q8NEA5	secreted_only	0
C19orf38	A8MVS5	endomembrane_resident	0
C1GALT1	Q9NS00	endomembrane_resident	0
C1GALT1C1	Q96EU7	endomembrane_resident	0
C1GALT1C1L	P0DN25	endomembrane_resident	0
C1QL1	O75973	secreted_only	0
C1QTNF3	Q9BXJ4	secreted_only	0
C1orf159	Q96HA4	endomembrane_resident	0
C1orf162	Q8NEQ5	endomembrane_resident	0
C1orf35	Q9BU76	secreted_only	0
C20orf141	Q9NUB4	endomembrane_resident	0
C20orf173	Q96LM9	endomembrane_resident	0
C2orf66	Q6UXQ4	secreted_only	0
C2orf92	A0A1B0GVN3	other	0
C3orf18	Q9UK00	endomembrane_resident	0
C3orf80	F5H4A9	endomembrane_resident	0
C5orf15	Q8NC54	other	0
C6orf136	Q5SQH8	endomembrane_resident	0
C6orf15	Q6UXA7	secreted_only	0
C6orf89	Q6UWU4	endomembrane_resident	0
C9orf43	Q8TAL5	endomembrane_resident	0
C9orf57	Q5W0N0	endomembrane_resident	0
CA6	P23280	secreted_only	0
CABP1	Q9NZU7	inner_leaflet_anchored	0
CADPS	Q9ULU8	inner_leaflet_anchored	0
CADPS2	Q86UW7	inner_leaflet_anchored	0
CAGE1	Q8TC20	pmhc_only_intracellular	0
CALCA	P01258	secreted_only	0
CALCB	P10092	secreted_only	0
CALML3	P27482	secreted_only	0
CALR3	Q96L12	endomembrane_resident	0
CAMK1G	Q96NX5	inner_leaflet_anchored	0
CAMLG	P49069	endomembrane_resident	0
CARD10	Q9BWT7	inner_leaflet_anchored	0
CARD11	Q9BXL7	inner_leaflet_anchored	0
CARD14	Q9BXL6	inner_leaflet_anchored	0
CARMIL3	Q8ND23	inner_leaflet_anchored	0
CARTPT	Q16568	secreted_only	0
CASQ1	P31415	endomembrane_resident	0
CASQ2	O14958	endomembrane_resident	0
CAT	P04040	other	0
CBLN2	Q8IUK8	secreted_only	0
CBLN4	Q9NTU7	secreted_only	0
CCDC134	Q9H6E4	endomembrane_resident	0
CCDC167	Q9P0B6	endomembrane_resident	0
CCDC186	Q7Z3E2	endomembrane_resident	0
CCDC33	Q8N5R6	other	0
CCDC47	Q96A33	endomembrane_resident	0
CCDC91	Q7Z6B0	endomembrane_resident	0
CCER2	I3L3R5	secreted_only	0
CCK	P06307	secreted_only	0
CCL1	P22362	secreted_only	0
CCL11	P51671	secreted_only	0
CCL13	Q99616	secreted_only	0
CCL14	Q16627	secreted_only	0
CCL15	Q16663	secreted_only	0
CCL16	O15467	secreted_only	0
CCL17	Q92583	secreted_only	0
CCL18	P55774	secreted_only	0
CCL19	Q99731	secreted_only	0
CCL2	P13500	secreted_only	0
CCL20	P78556	secreted_only	0
CCL21	O00585	secreted_only	0
CCL22	O00626	secreted_only	0
CCL23	P55773	secreted_only	0
CCL24	O00175	secreted_only	0
CCL26	Q9Y258	secreted_only	0
CCL27	Q9Y4X3	secreted_only	0
CCL28	Q9NRJ3	secreted_only	0
CCL3	P10147	secreted_only	0
CCL3L1	P16619	secreted_only	0
CCL3L3	P16619	secreted_only	0
CCL4	P13236	secreted_only	0
CCL4L1	Q8NHW4	secreted_only	0
CCL4L2	Q8NHW4	secreted_only	0
CCL5	P13501	secreted_only	0
CCL7	P80098	secreted_only	0
CCL8	P80075	secreted_only	0
CCN4	O95388	secreted_only	0
CCNA1	P78396	pmhc_only_intracellular	0
CCNB1	P14635	pmhc_only_intracellular	0
CDC42	P60953	inner_leaflet_anchored	0
CDC42SE2	Q9NRR3	inner_leaflet_anchored	0
CDIP1	Q9H305	inner_leaflet_anchored	0
CDK14	O94921	inner_leaflet_anchored	0
CDK5R1	Q15078	inner_leaflet_anchored	0
CDKN2A	P42771	pmhc_only_intracellular	0
CDRT15L2	A8MXV6	other	0
CDS2	O95674	endomembrane_resident	0
CEACAM16	Q2WEN9	secreted_only	0
CEL	P19835	secreted_only	0
CELA2A	P08217	secreted_only	0
CELA2B	P08218	secreted_only	0
CELA3A	P09093	secreted_only	0
CELA3B	P08861	secreted_only	0
CENPM	Q9NSP4	pmhc_only_intracellular	0
CEPT1	Q9Y6K0	endomembrane_resident	0
CER1	O95813	secreted_only	0
CERK	Q8TCT0	inner_leaflet_anchored	0
CERS1	P27544	endomembrane_resident	0
CERS3	Q8IU89	endomembrane_resident	0
CERS4	Q9HA82	endomembrane_resident	0
CERS5	Q8N5B7	endomembrane_resident	0
CES1	P23141	endomembrane_resident	0
CES2	O00748	endomembrane_resident	0
CES3	Q6UWW8	endomembrane_resident	0
CES4A	Q5XG92	secreted_only	0
CES5A	Q6NT32	secreted_only	0
CETP	P11597	secreted_only	0
CFAP141	Q5VU69	other	0
CFAP46	Q8IYW2	other	0
CFD	P00746	secreted_only	0
CFHR1	Q03591	secreted_only	0
CFHR3	Q02985	secreted_only	0
CFHR4	Q92496	secreted_only	0
CFHR5	Q9BXR6	secreted_only	0
CFI	P05156	secreted_only	0
CGA	P01215	secreted_only	0
CGB3	P0DN86	secreted_only	0
CGB5	P0DN86	secreted_only	0
CGB7	P0DN87	secreted_only	0
CGB8	P0DN86	secreted_only	0
CGREF1	Q99674	secreted_only	0
CGRRF1	Q99675	endomembrane_resident	0
CH25H	O95992	endomembrane_resident	0
CHAD	O15335	secreted_only	0
CHADL	Q6NUI6	secreted_only	0
CHD9NB	A0A1B0GV96	other	0
CHERP	Q8IWX8	endomembrane_resident	0
CHGB	P05060	secreted_only	0
CHI3L1	P36222	secreted_only	0
CHI3L2	Q15782	secreted_only	0
CHIC1	Q5VXU3	inner_leaflet_anchored	0
CHIT1	Q13231	secreted_only	0
CHPF	Q8IZ52	endomembrane_resident	0
CHPF2	Q9P2E5	endomembrane_resident	0
CHRD	Q9H2X0	secreted_only	0
CHRDL2	Q6WN34	secreted_only	0
CHST1	O43916	endomembrane_resident	0
CHST10	O43529	endomembrane_resident	0
CHST11	Q9NPF2	endomembrane_resident	0
CHST13	Q8NET6	endomembrane_resident	0
CHST14	Q8NCH0	endomembrane_resident	0
CHST2	Q9Y4C5	endomembrane_resident	0
CHST4	Q8NCG5	endomembrane_resident	0
CHST5	Q9GZS9	endomembrane_resident	0
CHST6	Q9GZX3	endomembrane_resident	0
CHST7	Q9NS84	endomembrane_resident	0
CHST8	Q9H2A9	endomembrane_resident	0
CHST9	Q7L1S5	endomembrane_resident	0
CHSY1	Q86X52	endomembrane_resident	0
CHSY3	Q70JA7	endomembrane_resident	0
CILP	O75339	secreted_only	0
CILP2	Q8IUL8	secreted_only	0
CIMIP5	Q96LR7	other	0
CIMIP7	H3BNL1	other	0
CISD1	Q9NZ45	other	0
CISD2	Q8N5K1	endomembrane_resident	0
CLBA1	Q96F83	endomembrane_resident	0
CLC	Q05315	secreted_only	0
CLCC1	Q96S66	endomembrane_resident	0
CLCF1	Q9UBD9	secreted_only	0
CLCN4	P51793	endomembrane_resident	0
CLEC11A	Q9Y240	secreted_only	0
CLEC16A	Q2KHT3	endomembrane_resident	0
CLEC18A	A5D8T8	secreted_only	0
CLGN	O14967	endomembrane_resident	0
CLIP3	Q96DZ5	inner_leaflet_anchored	0
CLN6	Q9NWW5	endomembrane_resident	0
CLN8	Q9UBY8	endomembrane_resident	0
CLPS	P04118	secreted_only	0
CLPSL1	A2RUU4	secreted_only	0
CLTC	Q00610	inner_leaflet_anchored	0
CLVS2	Q5SYC1	endomembrane_resident	0
CMA1	P23946	secreted_only	0
CNDP1	Q96KN2	secreted_only	0
CNEP1R1	Q8N9A8	endomembrane_resident	0
CNIH1	O95406	endomembrane_resident	0
CNIH4	Q9P003	endomembrane_resident	0
CNKSR1	Q969H4	inner_leaflet_anchored	0
CNPY1	Q3B7I2	endomembrane_resident	0
CNPY2	Q9Y2B0	endomembrane_resident	0
CNPY4	Q8N129	endomembrane_resident	0
CNTF	P26441	secreted_only	0
COCH	O43405	secreted_only	0
COG1	Q8WTW3	endomembrane_resident	0
COG2	Q14746	endomembrane_resident	0
COG4	Q9H9E3	endomembrane_resident	0
COG5	Q9UP83	endomembrane_resident	0
COG6	Q9Y2V7	endomembrane_resident	0
COG7	P83436	endomembrane_resident	0
COL10A1	Q03692	secreted_only	0
COL11A2	P13942	secreted_only	0
COL15A1	P39059	secreted_only	0
COL16A1	Q07092	secreted_only	0
COL19A1	Q14993	secreted_only	0
COL20A1	Q9P218	secreted_only	0
COL21A1	Q96P44	secreted_only	0
COL22A1	Q8NFW1	secreted_only	0
COL24A1	Q17RW2	secreted_only	0
COL27A1	Q8IZC6	secreted_only	0
COL28A1	Q2UY09	secreted_only	0
COL4A1	P02462	secreted_only	0
COL4A2	P08572	secreted_only	0
COL4A3	Q01955	secreted_only	0
COL4A4	P53420	secreted_only	0
COL4A6	Q14031	secreted_only	0
COL8A1	P27658	secreted_only	0
COL8A2	P25067	secreted_only	0
COL9A1	P20849	secreted_only	0
COL9A2	Q14055	secreted_only	0
COL9A3	Q14050	secreted_only	0
COLGALT1	Q8NBJ5	endomembrane_resident	0
COLGALT2	Q8IYK4	endomembrane_resident	0
COMMD7	Q86VX2	inner_leaflet_anchored	0
COMP	P49747	secreted_only	0
COPA	P53621	endomembrane_resident	0
COPB1	P53618	endomembrane_resident	0
COPB2	P35606	endomembrane_resident	0
COPG1	Q9Y678	endomembrane_resident	0
COPZ1	P61923	endomembrane_resident	0
CORO7	P57737	endomembrane_resident	0
CORT	O00230	secreted_only	0
CPA1	P15085	secreted_only	0
CPA2	P48052	secreted_only	0
CPA3	P15088	secreted_only	0
CPA5	Q8WXQ8	secreted_only	0
CPB1	P15086	secreted_only	0
CPB2	Q96IY4	secreted_only	0
CPED1	A4D0V7	endomembrane_resident	0
CPN1	P15169	secreted_only	0
CPNE1	Q99829	inner_leaflet_anchored	0
CPNE2	Q96FN4	inner_leaflet_anchored	0
CPNE3	O75131	inner_leaflet_anchored	0
CPNE4	Q96A23	inner_leaflet_anchored	0
CPNE5	Q9HCH3	inner_leaflet_anchored	0
CPNE7	Q9UBL6	inner_leaflet_anchored	0
CPNE8	Q86YQ8	inner_leaflet_anchored	0
CPT1C	Q8TCG5	endomembrane_resident	0
CPVL	Q9H3G5	endomembrane_resident	0
CREB3L1	Q96BA8	endomembrane_resident	0
CREB3L2	Q70SY1	endomembrane_resident	0
CREB3L3	Q68CJ9	endomembrane_resident	0
CREB3L4	Q8TEY5	endomembrane_resident	0
CRH	P06850	secreted_only	0
CRHBP	P24387	secreted_only	0
CROT	Q9UKG9	other	0
CRP	P02741	secreted_only	0
CRTAC1	Q9NQ79	secreted_only	0
CSAG1	Q6PB30	pmhc_only_intracellular	0
CSAG2	Q9Y5P2	pmhc_only_intracellular	0
CSAG3	Q9Y5P2	pmhc_only_intracellular	0
CSF2	P04141	secreted_only	0
CSF3	P09919	secreted_only	0
CSGALNACT1	Q8TDX6	endomembrane_resident	0
CSGALNACT2	Q8N6G5	endomembrane_resident	0
CSH1	P0DML2	secreted_only	0
CSH2	P0DML3	secreted_only	0
CSHL1	Q14406	secreted_only	0
CSK	P41240	inner_leaflet_anchored	0
CSN1S1	P47710	secreted_only	0
CSN2	P05814	secreted_only	0
CSN3	P07498	secreted_only	0
CSNK1G1	Q9HCP0	inner_leaflet_anchored	0
CSNK1G2	P78368	inner_leaflet_anchored	0
CSNK1G3	Q9Y6M4	inner_leaflet_anchored	0
CST1	P01037	secreted_only	0
CST11	Q9H112	secreted_only	0
CST2	P09228	secreted_only	0
CST3	P01034	secreted_only	0
CST4	P01036	secreted_only	0
CST5	P28325	secreted_only	0
CST9	Q5W186	secreted_only	0
CST9L	Q9H4G1	secreted_only	0
CSTL1	Q9H114	secreted_only	0
CT45A2	Q5DJT8	pmhc_only_intracellular	0
CT45A3	Q8NHU0	pmhc_only_intracellular	0
CT45A5	P0DMU8	pmhc_only_intracellular	0
CT45A7	P0DMV0	pmhc_only_intracellular	0
CT45A9	P0DMV2	pmhc_only_intracellular	0
CT47A1	Q5JQC4	pmhc_only_intracellular	0
CT47A10	Q5JQC4	pmhc_only_intracellular	0
CT47A12	Q5JQC4	pmhc_only_intracellular	0
CT47A5	Q5JQC4	pmhc_only_intracellular	0
CT47A8	Q5JQC4	pmhc_only_intracellular	0
CT47B1	P0C2W7	pmhc_only_intracellular	0
CT47C1	A0A0U1RQG5	pmhc_only_intracellular	0
CT55	Q8WUE5	pmhc_only_intracellular	0
CTAG1A	P78358	pmhc_only_intracellular	0
CTAG1B	P78358	pmhc_only_intracellular	0
CTAG2	O75638	pmhc_only_intracellular	0
CTAGE1	Q96RT6	endomembrane_resident	0
CTAGE15	A4D2H0	endomembrane_resident	0
CTAGE4	Q8IX94	endomembrane_resident	0
CTAGE6	Q86UF2	endomembrane_resident	0
CTAGE8	P0CG41	endomembrane_resident	0
CTAGE9	A4FU28	endomembrane_resident	0
CTBS	Q01459	endomembrane_resident	0
CTCFL	Q8NI51	pmhc_only_intracellular	0
CTDNEP1	O95476	endomembrane_resident	0
CTF1	Q16619	secreted_only	0
CTNNA3	Q9UI47	inner_leaflet_anchored	0
CTRB1	P17538	secreted_only	0
CTRB2	Q6GPI1	secreted_only	0
CTRC	Q99895	secreted_only	0
CTRL	P40313	secreted_only	0
CTSC	P53634	endomembrane_resident	0
CTSF	Q9UBX1	endomembrane_resident	0
CTSO	P43234	endomembrane_resident	0
CTSW	P56202	endomembrane_resident	0
CTXN2	P0C2S0	endomembrane_resident	0
CTXN3	Q4LDR2	endomembrane_resident	0
CWH43	Q9H720	endomembrane_resident	0
CXCL1	P09341	secreted_only	0
CXCL10	P02778	secreted_only	0
CXCL11	O14625	secreted_only	0
CXCL13	O43927	secreted_only	0
CXCL14	O95715	secreted_only	0
CXCL17	Q6UXB2	secreted_only	0
CXCL2	P19875	secreted_only	0
CXCL3	P19876	secreted_only	0
CXCL5	P42830	secreted_only	0
CXCL6	P80162	secreted_only	0
CXCL8	P10145	secreted_only	0
CXCL9	Q07325	secreted_only	0
CYB561A3	Q8NBI2	endomembrane_resident	0
CYB561D1	Q8N8Q1	endomembrane_resident	0
CYB561D2	O14569	endomembrane_resident	0
CYB5A	P00167	endomembrane_resident	0
CYB5R2	Q6BCY4	endomembrane_resident	0
CYBC1	Q9BQA9	endomembrane_resident	0
CYP17A1	P05093	endomembrane_resident	0
CYP19A1	P11511	endomembrane_resident	0
CYP1A1	P04798	endomembrane_resident	0
CYP1A2	P05177	endomembrane_resident	0
CYP1B1	Q16678	endomembrane_resident	0
CYP20A1	Q6UW02	endomembrane_resident	0
CYP21A2	P08686	endomembrane_resident	0
CYP26A1	O43174	endomembrane_resident	0
CYP26B1	Q9NR63	endomembrane_resident	0
CYP26C1	Q6V0L0	endomembrane_resident	0
CYP2A13	Q16696	endomembrane_resident	0
CYP2A6	P11509	endomembrane_resident	0
CYP2A7	P20853	endomembrane_resident	0
CYP2B6	P20813	endomembrane_resident	0
CYP2C18	P33260	endomembrane_resident	0
CYP2C19	P33261	endomembrane_resident	0
CYP2C8	P10632	endomembrane_resident	0
CYP2C9	P11712	endomembrane_resident	0
CYP2D6	P10635	endomembrane_resident	0
CYP2E1	P05181	endomembrane_resident	0
CYP2F1	P24903	endomembrane_resident	0
CYP2J2	P51589	endomembrane_resident	0
CYP2R1	Q6VVX0	endomembrane_resident	0
CYP2S1	Q96SQ9	endomembrane_resident	0
CYP2U1	Q7Z449	endomembrane_resident	0
CYP39A1	Q9NYL5	endomembrane_resident	0
CYP3A4	P08684	endomembrane_resident	0
CYP3A43	Q9HB55	endomembrane_resident	0
CYP3A5	P20815	endomembrane_resident	0
CYP3A7	P24462	endomembrane_resident	0
CYP46A1	Q9Y6A2	endomembrane_resident	0
CYP4A22	Q5TCH4	endomembrane_resident	0
CYP4B1	P13584	endomembrane_resident	0
CYP4F11	Q9HBI6	endomembrane_resident	0
CYP4F22	Q6NT55	endomembrane_resident	0
CYP4F3	Q08477	endomembrane_resident	0
CYP4F8	P98187	endomembrane_resident	0
CYP4V2	Q6ZWL3	endomembrane_resident	0
CYP4X1	Q8N118	endomembrane_resident	0
CYP4Z1	Q86W10	endomembrane_resident	0
CYP51A1	Q16850	endomembrane_resident	0
CYP7A1	P22680	endomembrane_resident	0
CYP7B1	O75881	endomembrane_resident	0
CYP8B1	Q9UNU6	endomembrane_resident	0
CYSTM1	Q9H1C7	secreted_only	0
DAD1	P61803	endomembrane_resident	0
DAND5	Q8N907	secreted_only	0
DAO	P14920	other	0
DAPP1	Q9UN19	inner_leaflet_anchored	0
DCD	P81605	secreted_only	0
DDO	Q99489	other	0
DDOST	P39656	endomembrane_resident	0
DDRGK1	Q96HY6	endomembrane_resident	0
DDX43	Q9NXZ2	pmhc_only_intracellular	0
DECR2	Q9NUI1	endomembrane_resident	0
DEFA1B	P59665	secreted_only	0
DEFA4	P12838	secreted_only	0
DEFA5	Q01523	secreted_only	0
DEFB1	P60022	secreted_only	0
DEFB103A	P81534	secreted_only	0
DEFB104B	Q8WTQ1	secreted_only	0
DEFB106A	Q8N104	secreted_only	0
DEFB107A	Q8IZN7	secreted_only	0
DEFB108B	Q8NET1	secreted_only	0
DEFB110	Q30KQ9	secreted_only	0
DEFB123	Q8N688	secreted_only	0
DEFB125	Q8N687	secreted_only	0
DEFB127	Q9H1M4	secreted_only	0
DEFB128	Q7Z7B8	secreted_only	0
DEFB129	Q9H1M3	secreted_only	0
DEFB130A	P0DP74	secreted_only	0
DEFB131A	P59861	secreted_only	0
DEFB134	Q4QY38	secreted_only	0
DEFB135	Q30KP9	secreted_only	0
DEFB136	Q30KP8	secreted_only	0
DEFB4A	O15263	secreted_only	0
DEFB4B	O15263	secreted_only	0
DEGS1	O15121	endomembrane_resident	0
DEGS2	Q6QHC5	endomembrane_resident	0
DENND1A	Q8TEH3	inner_leaflet_anchored	0
DERL1	Q9BUN8	endomembrane_resident	0
DERL2	Q9GZP9	endomembrane_resident	0
DERL3	Q96Q80	endomembrane_resident	0
DGAT1	O75907	endomembrane_resident	0
DGAT2	Q96PD7	endomembrane_resident	0
DGAT2L6	Q6ZPD8	endomembrane_resident	0
DGKA	P23743	inner_leaflet_anchored	0
DGKE	P52429	inner_leaflet_anchored	0
DGKK	Q5KSL6	inner_leaflet_anchored	0
DHCR24	Q15392	endomembrane_resident	0
DHCR7	Q9UBM7	endomembrane_resident	0
DHDDS	Q86SQ9	endomembrane_resident	0
DHRS13	Q6UX07	endomembrane_resident	0
DHRS4	Q9BTZ2	other	0
DHRS7	Q9Y394	endomembrane_resident	0
DHRS7C	A6NNS2	endomembrane_resident	0
DIPK1A	Q5T7M9	endomembrane_resident	0
DIPK1B	Q5VUD6	endomembrane_resident	0
DIPK1C	Q0P6D2	endomembrane_resident	0
DIRAS2	Q96HU8	inner_leaflet_anchored	0
DKK1	O94907	secreted_only	0
DKK2	Q9UBU2	secreted_only	0
DKK4	Q9UBT3	secreted_only	0
DKKL1	Q9UK85	secreted_only	0
DLGAP1	O14490	inner_leaflet_anchored	0
DLGAP2	Q9P1A6	inner_leaflet_anchored	0
DNAJB11	Q9UBS4	endomembrane_resident	0
DNAJB12	Q9NXW2	endomembrane_resident	0
DNAJB14	Q8TBM8	endomembrane_resident	0
DNAJB2	P25686	inner_leaflet_anchored	0
DNAJB9	Q9UBS3	endomembrane_resident	0
DNAJC1	Q96KC8	endomembrane_resident	0
DNAJC10	Q8IXB1	endomembrane_resident	0
DNAJC14	Q6Y2X3	endomembrane_resident	0
DNAJC22	Q8N4W6	endomembrane_resident	0
DNAJC25	Q9H1X3	endomembrane_resident	0
DNAJC3	Q13217	endomembrane_resident	0
DNAJC4	Q9NNZ3	endomembrane_resident	0
DNAJC5B	Q9UF47	endomembrane_resident	0
DNAJC5G	Q8N7S2	inner_leaflet_anchored	0
DNASE1	P24855	secreted_only	0
DNASE1L1	P49184	endomembrane_resident	0
DNASE2	O00115	endomembrane_resident	0
DNM1	Q05193	inner_leaflet_anchored	0
DNM3	Q9UQ16	inner_leaflet_anchored	0
DOC2B	Q14184	inner_leaflet_anchored	0
DOCK9	Q9BZ29	inner_leaflet_anchored	0
DOK1	Q99704	inner_leaflet_anchored	0
DOK5	Q9P104	inner_leaflet_anchored	0
DOLK	Q9UPQ8	endomembrane_resident	0
DOLPP1	Q86YN1	endomembrane_resident	0
DOP1A	Q5JWR5	endomembrane_resident	0
DOP1B	Q9Y3R5	endomembrane_resident	0
DPAGT1	Q9H3H5	endomembrane_resident	0
DPH1	Q9BZG8	pmhc_only_intracellular	0
DPM1	O60762	endomembrane_resident	0
DPM2	O94777	endomembrane_resident	0
DPM3	Q9P2X0	endomembrane_resident	0
DPT	Q07507	secreted_only	0
DPY19L1	Q2PZI1	endomembrane_resident	0
DPY19L2	Q6NUT2	nuclear_envelope	0
DPY19L3	Q6ZPD9	endomembrane_resident	0
DSE	Q9UL01	endomembrane_resident	0
DSPP	Q9NZW4	secreted_only	0
DTNB	O60941	inner_leaflet_anchored	0
DUSP22	Q9NRW4	inner_leaflet_anchored	0
DYM	Q7RTS9	endomembrane_resident	0
EBI3	Q14213	secreted_only	0
EBPL	Q9BY08	endomembrane_resident	0
ECM1	Q16610	secreted_only	0
EDEM1	Q92611	endomembrane_resident	0
EDEM2	Q9BV94	endomembrane_resident	0
EDEM3	Q9BZQ6	endomembrane_resident	0
EDN1	P05305	secreted_only	0
EDN2	P20800	secreted_only	0
EDN3	P14138	secreted_only	0
EFEMP2	O95967	secreted_only	0
EFS	O43281	inner_leaflet_anchored	0
EHHADH	Q08426	other	0
EI24	O14681	endomembrane_resident	0
EIF2AK3	Q9NZJ5	endomembrane_resident	0
EIF3H	O15372	secreted_only	0
ELOVL1	Q9BW60	endomembrane_resident	0
ELOVL2	Q9NXB9	endomembrane_resident	0
ELOVL3	Q9HB03	endomembrane_resident	0
ELOVL5	Q9NYP7	endomembrane_resident	0
ELOVL7	A1L3X0	endomembrane_resident	0
EMC2	Q15006	endomembrane_resident	0
EMC3	Q9P0I2	endomembrane_resident	0
EMC4	Q5J8M3	endomembrane_resident	0
EMC6	Q9BV81	endomembrane_resident	0
EMC7	Q9NPA0	endomembrane_resident	0
EMC8	O43402	endomembrane_resident	0
EMC9	Q9Y3B6	endomembrane_resident	0
EMD	P50402	nuclear_envelope	0
EMILIN3	Q9NT22	secreted_only	0
ENAM	Q9NRM1	secreted_only	0
ENKD1	Q9H0I2	inner_leaflet_anchored	0
ENTHD1	Q8IYW4	inner_leaflet_anchored	0
ENTPD4	Q9Y227	endomembrane_resident	0
ENTREP2	O60320	endomembrane_resident	0
EOGT	Q5NDL2	endomembrane_resident	0
EPB42	P16452	inner_leaflet_anchored	0
EPCIP	Q9NYP8	secreted_only	0
EPHX3	Q9H6B9	endomembrane_resident	0
EPHX4	Q8IUS5	endomembrane_resident	0
EPX	P11678	secreted_only	0
EPYC	Q99645	secreted_only	0
ERAP2	Q6P179	endomembrane_resident	0
ERAS	Q7Z444	inner_leaflet_anchored	0
ERFE	Q4G0M1	secreted_only	0
ERG28	Q9UKR5	endomembrane_resident	0
ERGIC1	Q969X5	endomembrane_resident	0
ERGIC2	Q96RQ1	endomembrane_resident	0
ERGIC3	Q9Y282	endomembrane_resident	0
ERLEC1	Q96DZ1	endomembrane_resident	0
ERLIN1	O75477	endomembrane_resident	0
ERLIN2	O94905	endomembrane_resident	0
ERLN	P0DI80	endomembrane_resident	0
ERMARD	Q5T6L9	endomembrane_resident	0
ERN1	O75460	endomembrane_resident	0
ERN2	Q76MJ5	endomembrane_resident	0
ERO1B	Q86YB8	endomembrane_resident	0
ERP27	Q96DN0	endomembrane_resident	0
ERVH48-1	M5A8F1	secreted_only	0
ESM1	Q9NQ30	secreted_only	0
ESYT1	Q9BSJ8	endomembrane_resident	0
EVL	Q9UI08	inner_leaflet_anchored	0
EXOC1	Q9NV70	inner_leaflet_anchored	0
EXT1	Q16394	endomembrane_resident	0
EXT2	Q93063	endomembrane_resident	0
EXTL1	Q92935	endomembrane_resident	0
EYS	Q5T1H1	secreted_only	0
F11	P03951	secreted_only	0
F12	P00748	secreted_only	0
F13B	P05160	secreted_only	0
F7	P08709	secreted_only	0
F8	P00451	secreted_only	0
F9	P00740	secreted_only	0
FA2H	Q7L5A8	endomembrane_resident	0
FAAH	O00519	endomembrane_resident	0
FADS1	O60427	endomembrane_resident	0
FADS3	Q9Y5Q0	endomembrane_resident	0
FADS6	Q8N9I5	endomembrane_resident	0
FAF2	Q96CS3	endomembrane_resident	0
FAM110C	Q1W6H9	inner_leaflet_anchored	0
FAM120AOS	Q5T036	other	0
FAM151A	Q8WW52	secreted_only	0
FAM156A	Q8NDB6	nuclear_envelope	0
FAM156B	Q8NDB6	nuclear_envelope	0
FAM162B	Q5T6X4	endomembrane_resident	0
FAM169A	Q9Y6X4	nuclear_envelope	0
FAM170B	A6NMN3	other	0
FAM20B	O75063	endomembrane_resident	0
FAM20C	Q8IXL6	secreted_only	0
FAM237A	A0A1B0GTK4	secreted_only	0
FAM241A	Q8N8J7	endomembrane_resident	0
FAM241B	Q96D05	endomembrane_resident	0
FAM78A	Q5JUQ0	endomembrane_resident	0
FAM8A1	Q9UBU6	endomembrane_resident	0
FAM91A1	Q658Y4	endomembrane_resident	0
FAR1	Q8WVX9	endomembrane_resident	0
FAR2	Q96K12	endomembrane_resident	0
FATE1	Q969F0	endomembrane_resident	0
FBLN1	P23142	secreted_only	0
FBLN5	Q9UBX5	secreted_only	0
FBN3	Q75N90	secreted_only	0
FBRS	Q9HAH7	secreted_only	0
FCHO1	O14526	inner_leaflet_anchored	0
FDCSP	Q8NFU4	secreted_only	0
FDFT1	P37268	endomembrane_resident	0
FERMT1	Q9BQL6	inner_leaflet_anchored	0
FERMT3	Q86UX7	inner_leaflet_anchored	0
FETUB	Q9UGM5	secreted_only	0
FGF1	P05230	secreted_only	0
FGF16	O43320	secreted_only	0
FGF17	O60258	secreted_only	0
FGF18	O76093	secreted_only	0
FGF19	O95750	secreted_only	0
FGF20	Q9NP95	secreted_only	0
FGF21	Q9NSA1	secreted_only	0
FGF22	Q9HCT0	secreted_only	0
FGF23	Q9GZV9	secreted_only	0
FGF5	P12034	secreted_only	0
FGF6	P10767	secreted_only	0
FGF7	P21781	secreted_only	0
FGFBP1	Q14512	secreted_only	0
FGFBP2	Q9BYJ0	secreted_only	0
FGFBP3	Q8TAT2	secreted_only	0
FGL1	Q08830	secreted_only	0
FICD	Q9BVA6	endomembrane_resident	0
FIG4	Q92562	inner_leaflet_anchored	0
FIS1	Q9Y3D6	inner_leaflet_anchored	0
FITM1	A5D6W6	endomembrane_resident	0
FITM2	Q8N6M3	endomembrane_resident	0
FJX1	Q86VR8	endomembrane_resident	0
FKBP10	Q96AY3	endomembrane_resident	0
FKBP11	Q9NYL4	endomembrane_resident	0
FKBP14	Q9NWM8	endomembrane_resident	0
FKBP15	Q5T1M5	endomembrane_resident	0
FKBP7	Q9Y680	endomembrane_resident	0
FKBP8	Q14318	endomembrane_resident	0
FKBP9	O95302	endomembrane_resident	0
FKTN	O75072	endomembrane_resident	0
FMNL1	O95466	inner_leaflet_anchored	0
FMO1	Q01740	endomembrane_resident	0
FMO2	Q99518	endomembrane_resident	0
FMO3	P31513	endomembrane_resident	0
FMO4	P31512	endomembrane_resident	0
FMO5	P49326	endomembrane_resident	0
FMOD	Q06828	secreted_only	0
FNDC3A	Q9Y2H6	endomembrane_resident	0
FNDC3B	Q53EP0	endomembrane_resident	0
FOCAD	Q5VW36	inner_leaflet_anchored	0
FOXRED2	Q8IWF2	endomembrane_resident	0
FREM1	Q5H8C1	secreted_only	0
FRMD4B	Q9Y2L6	inner_leaflet_anchored	0
FRMD5	Q7Z6J6	inner_leaflet_anchored	0
FRMD6	Q96NE9	inner_leaflet_anchored	0
FRS2	Q8WU20	inner_leaflet_anchored	0
FRS3	O43559	inner_leaflet_anchored	0
FRZB	Q92765	secreted_only	0
FSHB	P01225	secreted_only	0
FSTL3	O95633	secreted_only	0
FUCA1	P04066	endomembrane_resident	0
FUT1	P19526	endomembrane_resident	0
FUT4	P22083	endomembrane_resident	0
FUT5	Q11128	endomembrane_resident	0
FUT6	P51993	endomembrane_resident	0
FUT7	Q11130	endomembrane_resident	0
FUT8	Q9BYC5	endomembrane_resident	0
FUT9	Q9Y231	endomembrane_resident	0
G6PC1	P35575	endomembrane_resident	0
G6PC2	Q9NQR9	pmhc_only_intracellular	0
G6PC3	Q9BUM1	endomembrane_resident	0
GABARAP	O95166	inner_leaflet_anchored	0
GABARAPL2	P60520	endomembrane_resident	0
GAD2	Q05329	inner_leaflet_anchored	0
GAGE10	A6NGK3	pmhc_only_intracellular	0
GAGE12B	A1L429	pmhc_only_intracellular	0
GAGE12C	A1L429	pmhc_only_intracellular	0
GAGE12D	A1L429	pmhc_only_intracellular	0
GAGE12I	P0CL82	pmhc_only_intracellular	0
GAGE2B	Q13066	pmhc_only_intracellular	0
GAGE2C	Q13066	pmhc_only_intracellular	0
GAGE2D	Q9UEU5	pmhc_only_intracellular	0
GAGE4	P0DSO3	pmhc_only_intracellular	0
GAGE5	Q13069	pmhc_only_intracellular	0
GAGE6	Q13070	pmhc_only_intracellular	0
GAGE7	O76087	pmhc_only_intracellular	0
GAGE8	Q9UEU5	pmhc_only_intracellular	0
GAK	O14976	inner_leaflet_anchored	0
GAL	P22466	secreted_only	0
GAL3ST1	Q99999	endomembrane_resident	0
GAL3ST2	Q9H3Q3	endomembrane_resident	0
GAL3ST3	Q96A11	endomembrane_resident	0
GAL3ST4	Q96RP7	endomembrane_resident	0
GALC	P54803	endomembrane_resident	0
GALNS	P34059	endomembrane_resident	0
GALNT13	Q8IUC8	endomembrane_resident	0
GALNT14	Q96FL9	endomembrane_resident	0
GALNT15	Q8N3T1	endomembrane_resident	0
GALNT16	Q8N428	endomembrane_resident	0
GALNT17	Q6IS24	endomembrane_resident	0
GALNT18	Q6P9A2	endomembrane_resident	0
GALNT2	Q10471	endomembrane_resident	0
GALNT3	Q14435	endomembrane_resident	0
GALNT4	Q8N4A0	endomembrane_resident	0
GALNT5	Q7Z7M9	endomembrane_resident	0
GALNT6	Q8NCL4	endomembrane_resident	0
GALNT7	Q86SF2	endomembrane_resident	0
GALNT8	Q9NY28	endomembrane_resident	0
GALNT9	Q9HCQ5	endomembrane_resident	0
GALNTL5	Q7Z4T8	endomembrane_resident	0
GALNTL6	Q49A17	endomembrane_resident	0
GALP	Q9UBC7	secreted_only	0
GANAB	Q14697	endomembrane_resident	0
GARIN1A	Q6NXP2	endomembrane_resident	0
GARIN1B	Q96KD3	endomembrane_resident	0
GARIN4	Q8IYT1	endomembrane_resident	0
GARIN5A	Q6IPT2	endomembrane_resident	0
GARIN6	Q8NEG0	endomembrane_resident	0
GAS6	Q14393	secreted_only	0
GASK1A	Q9UFP1	endomembrane_resident	0
GAST	P01350	secreted_only	0
GATD1	Q8NB37	secreted_only	0
GBA2	Q9HCG7	endomembrane_resident	0
GBF1	Q92538	endomembrane_resident	0
GBGT1	Q8N5D6	endomembrane_resident	0
GBP1	P32455	inner_leaflet_anchored	0
GBP5	Q96PP8	inner_leaflet_anchored	0
GBP7	Q8N8V2	inner_leaflet_anchored	0
GCC2	Q8IWJ2	endomembrane_resident	0
GCG	P01275	secreted_only	0
GCNT1	Q02742	endomembrane_resident	0
GCNT2	Q8N0V5	endomembrane_resident	0
GCNT3	O95395	endomembrane_resident	0
GCNT4	Q9P109	endomembrane_resident	0
GDF1	P27539	secreted_only	0
GDF10	P55107	secreted_only	0
GDF11	O95390	secreted_only	0
GDF2	Q9UK05	secreted_only	0
GDF3	Q9NR23	secreted_only	0
GDF5	P43026	secreted_only	0
GDF6	Q6KF10	secreted_only	0
GDF7	Q7Z4P5	secreted_only	0
GDF9	O60383	secreted_only	0
GDNF	P39905	secreted_only	0
GET1	O00258	endomembrane_resident	0
GGA1	Q9UJY5	endomembrane_resident	0
GGH	Q92820	endomembrane_resident	0
GGTLC1	Q9BX51	secreted_only	0
GGTLC3	B5MD39	secreted_only	0
GH1	P01241	secreted_only	0
GH2	P01242	secreted_only	0
GHRH	P01286	secreted_only	0
GHRL	Q9UBU3	secreted_only	0
GIMAP1	Q8WWP7	endomembrane_resident	0
GIMAP2	Q9UG22	endomembrane_resident	0
GIMAP5	Q96F15	inner_leaflet_anchored	0
GIP	P09681	secreted_only	0
GIT1	Q9Y2X7	inner_leaflet_anchored	0
GKAP1	Q5VSY0	endomembrane_resident	0
GKN2	Q86XP6	secreted_only	0
GLA	P06280	secreted_only	0
GLB1	P16278	endomembrane_resident	0
GLB1L	Q6UWU2	secreted_only	0
GLB1L2	Q8IW92	secreted_only	0
GLB1L3	Q8NCI6	endomembrane_resident	0
GLCE	O94923	endomembrane_resident	0
GLE1	Q53GS7	nuclear_envelope	0
GLIPR2	Q9H4G4	endomembrane_resident	0
GLOD4	Q9HC38	secreted_only	0
GLT6D1	Q7Z4J2	endomembrane_resident	0
GLT8D1	Q68CQ7	endomembrane_resident	0
GLYATL2	Q8WU03	endomembrane_resident	0
GMCL1	Q96IK5	nuclear_envelope	0
GNLY	P22749	secreted_only	0
GNPAT	O15228	endomembrane_resident	0
GNPNAT1	Q96EK6	endomembrane_resident	0
GNRH1	P01148	secreted_only	0
GNRH2	O43555	secreted_only	0
GNS	P15586	endomembrane_resident	0
GOLGA1	Q92805	endomembrane_resident	0
GOLGA2	Q08379	endomembrane_resident	0
GOLGA3	Q08378	endomembrane_resident	0
GOLGA4	Q13439	endomembrane_resident	0
GOLGA5	Q8TBA6	endomembrane_resident	0
GOLGA6A	Q9NYA3	endomembrane_resident	0
GOLGA6B	A6NDN3	endomembrane_resident	0
GOLGA6C	A6NDK9	endomembrane_resident	0
GOLGA6D	P0CG33	endomembrane_resident	0
GOLGA6L1	Q8N7Z2	endomembrane_resident	0
GOLGA6L10	A6NI86	endomembrane_resident	0
GOLGA6L19	H0YKK7	endomembrane_resident	0
GOLGA6L2	Q8N9W4	endomembrane_resident	0
GOLGA6L22	H0YM25	endomembrane_resident	0
GOLGA6L24	P0DX00	endomembrane_resident	0
GOLGA6L25	P0DX01	endomembrane_resident	0
GOLGA6L26	P0DX02	endomembrane_resident	0
GOLGA6L4	A6NEF3	endomembrane_resident	0
GOLGA6L6	A8MZA4	endomembrane_resident	0
GOLGA6L7	A0A1B0GV03	endomembrane_resident	0
GOLGA6L9	A6NEM1	endomembrane_resident	0
GOLGA7	Q7Z5G4	endomembrane_resident	0
GOLGA7B	Q2TAP0	endomembrane_resident	0
GOLGA8A	A7E2F4	endomembrane_resident	0
GOLGA8B	A8MQT2	endomembrane_resident	0
GOLGA8F	P0DX52	endomembrane_resident	0
GOLGA8G	P0DX53	endomembrane_resident	0
GOLGA8H	P0CJ92	endomembrane_resident	0
GOLGA8J	A6NMD2	endomembrane_resident	0
GOLGA8K	D6RF30	endomembrane_resident	0
GOLGA8M	H3BSY2	endomembrane_resident	0
GOLGA8N	F8WBI6	endomembrane_resident	0
GOLGA8O	A6NCC3	endomembrane_resident	0
GOLGA8Q	H3BV12	endomembrane_resident	0
GOLGA8R	I6L899	endomembrane_resident	0
GOLGA8S	H3BPF8	endomembrane_resident	0
GOLGA8T	H3BQL2	endomembrane_resident	0
GOLGB1	Q14789	endomembrane_resident	0
GOLPH3	Q9H4A6	endomembrane_resident	0
GOLPH3L	Q9H4A5	endomembrane_resident	0
GOLT1A	Q6ZVE7	endomembrane_resident	0
GOLT1B	Q9Y3E0	endomembrane_resident	0
GOPC	Q9HD26	endomembrane_resident	0
GORAB	Q5T7V8	endomembrane_resident	0
GORASP1	Q9BQQ3	endomembrane_resident	0
GORASP2	Q9H8Y8	endomembrane_resident	0
GOSR1	O95249	endomembrane_resident	0
GOSR2	O14653	endomembrane_resident	0
GPAA1	O43292	endomembrane_resident	0
GPAT3	Q53EU6	endomembrane_resident	0
GPAT4	Q86UL3	endomembrane_resident	0
GPD1L	Q8N335	inner_leaflet_anchored	0
GPHA2	Q96T91	secreted_only	0
GPHRA	B7ZAQ6	endomembrane_resident	0
GPHRB	P0CG08	endomembrane_resident	0
GPLD1	P80108	secreted_only	0
GPRIN3	Q6ZVF9	inner_leaflet_anchored	0
GPSM3	Q9Y4H4	inner_leaflet_anchored	0
GPX3	P22352	secreted_only	0
GPX6	P59796	secreted_only	0
GPX7	Q96SL4	endomembrane_resident	0
GRAMD1C	Q8IYS0	endomembrane_resident	0
GRAMD2A	Q8IUY3	inner_leaflet_anchored	0
GREM2	Q9H772	secreted_only	0
GRINA	Q7Z429	endomembrane_resident	0
GRK4	P32298	inner_leaflet_anchored	0
GRK6	P43250	inner_leaflet_anchored	0
GRK7	Q8WTQ7	inner_leaflet_anchored	0
GRP	P07492	secreted_only	0
GUCA1A	P43080	inner_leaflet_anchored	0
GUCA1B	Q9UMX6	inner_leaflet_anchored	0
GUCA1C	O95843	inner_leaflet_anchored	0
GUCA2A	Q02747	secreted_only	0
GUCA2B	Q16661	secreted_only	0
GXYLT1	Q4G148	endomembrane_resident	0
GXYLT2	A0PJZ3	endomembrane_resident	0
GZMH	P20718	secreted_only	0
GZMM	P51124	secreted_only	0
H6PD	O95479	endomembrane_resident	0
HACD1	B0YJ81	endomembrane_resident	0
HACD2	Q6Y1H2	endomembrane_resident	0
HACD3	Q9P035	endomembrane_resident	0
HACD4	Q5VWC8	endomembrane_resident	0
HACL1	Q9UJ83	other	0
HAMP	P81172	secreted_only	0
HAO1	Q9UJM8	other	0
HAO2	Q9NYQ3	other	0
HAPLN2	Q9GZV7	secreted_only	0
HAPLN4	Q86UW8	secreted_only	0
HCRT	O43612	secreted_only	0
HDGF	P51858	secreted_only	0
HDHD2	Q9H0R4	secreted_only	0
HECW2	Q9P2P5	inner_leaflet_anchored	0
HERPUD1	Q15011	endomembrane_resident	0
HERPUD2	Q9BSE4	endomembrane_resident	0
HEXA	P06865	endomembrane_resident	0
HEXB	P07686	endomembrane_resident	0
HGF	P14210	secreted_only	0
HGFAC	Q04756	secreted_only	0
HGS	O14964	inner_leaflet_anchored	0
HHAT	Q5VTY9	endomembrane_resident	0
HHATL	Q9HCP6	endomembrane_resident	0
HID1	Q8IV36	endomembrane_resident	0
HIP1	O00291	inner_leaflet_anchored	0
HK1	P19367	inner_leaflet_anchored	0
HK2	P52789	inner_leaflet_anchored	0
HMCN2	Q8NDA2	secreted_only	0
HMGCR	P04035	endomembrane_resident	0
HMHB1	O97980	pmhc_only_intracellular	0
HMOX1	P09601	endomembrane_resident	0
HMOX2	P30519	endomembrane_resident	0
HMSD	A8MTL9	pmhc_only_intracellular	0
HORMAD1	Q86X24	pmhc_only_intracellular	0
HPCA	P84074	inner_leaflet_anchored	0
HPCAL1	P37235	inner_leaflet_anchored	0
HPCAL4	Q9UM19	inner_leaflet_anchored	0
HPR	P00739	secreted_only	0
HRAS	P01112	inner_leaflet_anchored	0
HRC	P23327	endomembrane_resident	0
HS2ST1	Q7LGA3	endomembrane_resident	0
HS3ST1	O14792	endomembrane_resident	0
HS3ST2	Q9Y278	endomembrane_resident	0
HS3ST3A1	Q9Y663	endomembrane_resident	0
HS3ST3B1	Q9Y662	endomembrane_resident	0
HS3ST4	Q9Y661	endomembrane_resident	0
HS3ST5	Q8IZT8	endomembrane_resident	0
HS3ST6	Q96QI5	endomembrane_resident	0
HS6ST1	O60243	endomembrane_resident	0
HSD11B2	P80365	endomembrane_resident	0
HSD17B11	Q8NBQ5	endomembrane_resident	0
HSD17B12	Q53GQ0	endomembrane_resident	0
HSD17B13	Q7Z5P4	other	0
HSD17B3	P37058	endomembrane_resident	0
HSD17B4	P51659	other	0
HSD17B6	O14756	endomembrane_resident	0
HSD3B1	P14060	endomembrane_resident	0
HSD3B2	P26439	endomembrane_resident	0
HSD3B7	Q9H2F3	endomembrane_resident	0
HSPA12A	O43301	secreted_only	0
HSPA13	P48723	endomembrane_resident	0
HSPA4	P34932	secreted_only	0
HSPBP1	Q9NZL4	secreted_only	0
HTN1	P15515	secreted_only	0
HTN3	P15516	secreted_only	0
HYDIN	Q4G0P3	other	0
IAPP	P10997	secreted_only	0
IBSP	P21815	secreted_only	0
ICA1	Q05084	endomembrane_resident	0
ICA1L	Q8NDH6	endomembrane_resident	0
ICMT	O60725	endomembrane_resident	0
IDI1	Q13907	other	0
IDS	P22304	endomembrane_resident	0
IDUA	P35475	endomembrane_resident	0
IER3IP1	Q9Y5U9	endomembrane_resident	0
IFNA1	P0DY56	secreted_only	0
IFNA10	P01566	secreted_only	0
IFNA13	A0A087WWS6	secreted_only	0
IFNA14	P01570	secreted_only	0
IFNA16	P05015	secreted_only	0
IFNA17	P01571	secreted_only	0
IFNA2	P01563	secreted_only	0
IFNA21	P01568	secreted_only	0
IFNA4	P05014	secreted_only	0
IFNA5	P01569	secreted_only	0
IFNA6	P05013	secreted_only	0
IFNA7	P01567	secreted_only	0
IFNA8	P32881	secreted_only	0
IFNB1	P01574	secreted_only	0
IFNG	P01579	secreted_only	0
IFNK	Q9P0W0	secreted_only	0
IFNL2	Q8IZJ0	secreted_only	0
IFNL3	Q8IZI9	secreted_only	0
IFNL4	K9M1U5	secreted_only	0
IFNW1	P05000	secreted_only	0
IGF2	P01344	secreted_only	0
IGFALS	P35858	secreted_only	0
IGFBP1	P08833	secreted_only	0
IGFBP4	P22692	secreted_only	0
IGFBP5	P24593	secreted_only	0
IGFBP6	P24592	secreted_only	0
IGFL1	Q6UW32	secreted_only	0
IGFL4	Q6B9Z1	secreted_only	0
IGLL5	B9A064	secreted_only	0
IL10	P22301	secreted_only	0
IL11	P20809	secreted_only	0
IL12A	P29459	secreted_only	0
IL12B	P29460	secreted_only	0
IL13	P35225	secreted_only	0
IL17A	Q16552	secreted_only	0
IL17B	Q9UHF5	secreted_only	0
IL17C	Q9P0M4	secreted_only	0
IL17F	Q96PD4	secreted_only	0
IL18	Q14116	secreted_only	0
IL18BP	O95998	secreted_only	0
IL19	Q9UHD0	secreted_only	0
IL1B	P01584	secreted_only	0
IL1F10	Q8WWZ1	secreted_only	0
IL2	P60568	secreted_only	0
IL20	Q9NYY1	secreted_only	0
IL21	Q9HBE4	secreted_only	0
IL22	Q9GZX6	secreted_only	0
IL22RA2	Q969J5	secreted_only	0
IL23A	Q9NPF7	secreted_only	0
IL25	Q9H293	secreted_only	0
IL26	Q9NPH9	secreted_only	0
IL27	Q8NEV9	secreted_only	0
IL3	P08700	secreted_only	0
IL31	Q6EBC2	secreted_only	0
IL32	P24001	secreted_only	0
IL34	Q6ZMJ4	secreted_only	0
IL36A	Q9UHA7	secreted_only	0
IL36B	Q9NZH7	secreted_only	0
IL36G	Q9NZH8	secreted_only	0
IL36RN	Q9UBH0	secreted_only	0
IL4	P05112	secreted_only	0
IL5	P05113	secreted_only	0
IL7	P13232	secreted_only	0
IL9	P15248	secreted_only	0
ILK	Q13418	inner_leaflet_anchored	0
INAFM1	C9JVW0	endomembrane_resident	0
INAFM2	P0DMQ5	endomembrane_resident	0
INHBA	P08476	secreted_only	0
INHBB	P09529	secreted_only	0
INHBC	P55103	secreted_only	0
INPP5B	P32019	inner_leaflet_anchored	0
INPP5D	Q92835	inner_leaflet_anchored	0
INPP5E	Q9NRR6	inner_leaflet_anchored	0
INPP5F	Q9Y2H2	inner_leaflet_anchored	0
INS	P01308	secreted_only	0
INS-IGF2	F8WCM5	secreted_only	0
INSIG1	O15503	endomembrane_resident	0
INSIG2	Q9Y5U4	endomembrane_resident	0
INSL3	P51460	secreted_only	0
INSL5	Q9Y5Q6	secreted_only	0
IQCJ-SCHIP1	B3KU38	inner_leaflet_anchored	0
ISM2	Q6H9L7	secreted_only	0
ITFG2	Q969R8	endomembrane_resident	0
ITGB1BP1	O14713	inner_leaflet_anchored	0
ITIH1	P19827	secreted_only	0
ITIH3	Q06033	secreted_only	0
ITIH4	Q14624	secreted_only	0
ITIH5	Q86UX2	secreted_only	0
ITIH6	Q6UXX5	secreted_only	0
JAGN1	Q8N5M9	endomembrane_resident	0
JAKMIP2	Q96AA8	endomembrane_resident	0
JAKMIP3	Q5VZ66	endomembrane_resident	0
JCHAIN	P01591	secreted_only	0
JKAMP	Q9P055	endomembrane_resident	0
JMJD8	Q96S16	endomembrane_resident	0
JPH1	Q9HDC5	inner_leaflet_anchored	0
JPH2	Q9BR39	inner_leaflet_anchored	0
JPH3	Q8WXH2	inner_leaflet_anchored	0
JPH4	Q96JJ6	endomembrane_resident	0
JSRP1	Q96MG2	endomembrane_resident	0
KASH5	Q8N6L0	nuclear_envelope	0
KAZALD1	Q96I82	secreted_only	0
KDELR1	P24390	endomembrane_resident	0
KDELR2	P33947	endomembrane_resident	0
KDELR3	O43731	endomembrane_resident	0
KDM5D	Q9BY66	pmhc_only_intracellular	0
KDSR	Q06136	endomembrane_resident	0
KERA	O60938	secreted_only	0
KIAA0040	Q15053	nuclear_envelope	0
KIAA1210	Q9ULL0	pmhc_only_intracellular	0
KIAA1755	Q5JYT7	inner_leaflet_anchored	0
KISS1	Q15726	secreted_only	0
KLHL14	Q9P2G3	endomembrane_resident	0
KLK1	P06870	secreted_only	0
KLK10	O43240	secreted_only	0
KLK11	Q9UBX7	secreted_only	0
KLK12	Q9UKR0	secreted_only	0
KLK13	Q9UKR3	secreted_only	0
KLK14	Q9P0G3	secreted_only	0
KLK2	P20151	secreted_only	0
KLK4	Q9Y5K2	secreted_only	0
KLK5	Q9Y337	secreted_only	0
KLKB1	P03952	secreted_only	0
KRTAP10-4	P60372	pmhc_only_intracellular	0
KRTAP4-1	Q9BYQ7	pmhc_only_intracellular	0
KRTCAP2	Q8N6L1	endomembrane_resident	0
KRTCAP3	Q53RY4	endomembrane_resident	0
KSR1	Q8IVT5	inner_leaflet_anchored	0
KSR2	Q6VAB6	inner_leaflet_anchored	0
KTN1	Q86UP2	endomembrane_resident	0
LACRT	Q9GZZ8	secreted_only	0
LAD1	O00515	secreted_only	0
LAIR2	Q6ISS4	secreted_only	0
LALBA	P00709	secreted_only	0
LAMB4	A4D0S4	secreted_only	0
LAMC3	Q9Y6N6	secreted_only	0
LAMTOR2	Q9Y2Q5	endomembrane_resident	0
LAMTOR4	Q0VGL1	endomembrane_resident	0
LANCL1	O43813	inner_leaflet_anchored	0
LANCL2	Q9NS86	inner_leaflet_anchored	0
LARGE1	O95461	endomembrane_resident	0
LARGE2	Q8N3Y3	endomembrane_resident	0
LASP1NB	A0A1B0GWH6	other	0
LBR	Q14739	nuclear_envelope	0
LCAT	P04180	secreted_only	0
LCE1F	Q5T754	other	0
LCE2A	Q5TA79	secreted_only	0
LCE2B	O14633	other	0
LCE2C	Q5TA81	secreted_only	0
LCE3C	Q5T5A8	pmhc_only_intracellular	0
LCE3E	Q5T5B0	other	0
LCLAT1	Q6UWP7	endomembrane_resident	0
LCN1	P31025	secreted_only	0
LCN10	Q6JVE6	secreted_only	0
LCN12	Q6JVE5	secreted_only	0
LCN15	Q6UWW0	secreted_only	0
LCN2	P80188	secreted_only	0
LCN8	Q6JVE9	secreted_only	0
LCN9	Q8WX39	secreted_only	0
LCNL1	Q6ZST4	secreted_only	0
LDAF1	Q96B96	endomembrane_resident	0
LDAH	Q9H6V9	endomembrane_resident	0
LEAP2	Q969E1	secreted_only	0
LECT2	O14960	secreted_only	0
LEFTY1	O75610	secreted_only	0
LEFTY2	O00292	secreted_only	0
LEMD3	Q9Y2U8	nuclear_envelope	0
LEPROT	O15243	endomembrane_resident	0
LEPROTL1	O95214	endomembrane_resident	0
LFNG	Q8NES3	endomembrane_resident	0
LGALS14	Q8TCE9	secreted_only	0
LGALS2	P05162	secreted_only	0
LGALS7B	P47929	secreted_only	0
LHB	P01229	secreted_only	0
LIF	P15018	secreted_only	0
LILRA3	Q8N6C8	secreted_only	0
LIMS2	Q7Z4I7	inner_leaflet_anchored	0
LIMS3	P0CW19	inner_leaflet_anchored	0
LIMS4	P0CW20	inner_leaflet_anchored	0
LIPA	P38571	secreted_only	0
LIPF	P07098	secreted_only	0
LIPK	Q5VXJ0	secreted_only	0
LIPN	Q5VXI9	secreted_only	0
LITAFD	A0A1B0GVX0	endomembrane_resident	0
LMAN1	P49257	endomembrane_resident	0
LMAN1L	Q9HAT1	endomembrane_resident	0
LMF1	Q96S06	endomembrane_resident	0
LMNA	P02545	nuclear_envelope	0
LMNB1	P20700	nuclear_envelope	0
LMNB2	Q03252	nuclear_envelope	0
LMNTD1	Q8N9Z9	nuclear_envelope	0
LNP1	A1A4G5	nuclear_envelope	0
LNPK	Q9C0E8	endomembrane_resident	0
LONP2	Q86WA8	endomembrane_resident	0
LOXL3	P58215	secreted_only	0
LPA	P08519	secreted_only	0
LPCAT1	Q8NF37	endomembrane_resident	0
LPCAT2	Q7L5N7	endomembrane_resident	0
LPCAT3	Q6P1A2	endomembrane_resident	0
LPCAT4	Q643R3	endomembrane_resident	0
LPGAT1	Q92604	endomembrane_resident	0
LRRC41	Q15345	endomembrane_resident	0
LRRC57	Q8N9N7	secreted_only	0
LRRC59	Q96AG4	endomembrane_resident	0
LRTOMT	Q8WZ04	other	0
LSP1	P33241	inner_leaflet_anchored	0
LSS	P48449	endomembrane_resident	0
LTAP1	Q9BWL3	endomembrane_resident	0
LTBP2	Q14767	secreted_only	0
LTBP4	Q8N2S1	secreted_only	0
LTC4S	Q16873	endomembrane_resident	0
LYG2	Q86SG7	secreted_only	0
LYPLA1	O75608	inner_leaflet_anchored	0
LYPLA2	O95372	inner_leaflet_anchored	0
LYZ	P61626	secreted_only	0
LYZL2	Q7Z4W2	secreted_only	0
LZTR1	Q8N653	endomembrane_resident	0
MACO1	Q8N5G2	endomembrane_resident	0
MAGEA1	P43355	pmhc_only_intracellular	0
MAGEA10	P43363	pmhc_only_intracellular	0
MAGEA11	P43364	pmhc_only_intracellular	0
MAGEA12	P43365	pmhc_only_intracellular	0
MAGEA2	P43356	pmhc_only_intracellular	0
MAGEA2B	P43356	pmhc_only_intracellular	0
MAGEA3	P43357	pmhc_only_intracellular	0
MAGEA4	P43358	pmhc_only_intracellular	0
MAGEA6	P43360	pmhc_only_intracellular	0
MAGEA8	P43361	pmhc_only_intracellular	0
MAGEA9	P43362	pmhc_only_intracellular	0
MAGEA9B	P43362	pmhc_only_intracellular	0
MAGEB1	P43366	pmhc_only_intracellular	0
MAGEB10	Q96LZ2	pmhc_only_intracellular	0
MAGEB2	O15479	pmhc_only_intracellular	0
MAGEB3	O15480	pmhc_only_intracellular	0
MAGEB4	O15481	pmhc_only_intracellular	0
MAGEB6	Q8N7X4	pmhc_only_intracellular	0
MAGEC1	O60732	pmhc_only_intracellular	0
MAGEC2	Q9UBF1	pmhc_only_intracellular	0
MAGEC3	Q8TD91	pmhc_only_intracellular	0
MAGEF1	Q9HAY2	pmhc_only_intracellular	0
MAGI2	Q86UL8	inner_leaflet_anchored	0
MAGIX	Q9H6Y5	inner_leaflet_anchored	0
MAJIN	Q3KP22	nuclear_envelope	0
MAN1A1	P33908	endomembrane_resident	0
MAN1A2	O60476	endomembrane_resident	0
MAN1B1	Q9UKM7	endomembrane_resident	0
MAN1C1	Q9NR34	endomembrane_resident	0
MANBA	O00462	endomembrane_resident	0
MANBAL	Q9NQG1	endomembrane_resident	0
MANEA	Q5SRI9	endomembrane_resident	0
MANEAL	Q5VSG8	endomembrane_resident	0
MAP6D1	Q9H9H5	endomembrane_resident	0
MARCHF1	Q8TCQ1	endomembrane_resident	0
MARCHF11	A6NNE9	endomembrane_resident	0
MARCHF2	Q9P0N8	endomembrane_resident	0
MARCHF3	Q86UD3	endomembrane_resident	0
MARCHF4	Q9P2E8	endomembrane_resident	0
MARCHF7	Q9H992	endomembrane_resident	0
MARCHF8	Q5T0T0	endomembrane_resident	0
MARCHF9	Q86YJ5	endomembrane_resident	0
MARK1	Q9P0L2	inner_leaflet_anchored	0
MATN1	P21941	secreted_only	0
MATN2	O00339	secreted_only	0
MATN3	O15232	secreted_only	0
MATN4	O95460	secreted_only	0
MBOAT1	Q6ZNC8	endomembrane_resident	0
MBOAT2	Q6ZWT7	endomembrane_resident	0
MBOAT4	Q96T53	endomembrane_resident	0
MBOAT7	Q96N66	endomembrane_resident	0
MBTPS1	Q14703	endomembrane_resident	0
MCFD2	Q8NI22	endomembrane_resident	0
MCL1	Q07820	inner_leaflet_anchored	0
MCTP1	Q6DN14	endomembrane_resident	0
MCTP2	Q6DN12	endomembrane_resident	0
MDK	P21741	secreted_only	0
MELK	Q14680	inner_leaflet_anchored	0
MEPE	Q9NQ76	secreted_only	0
MESD	Q14696	endomembrane_resident	0
MFAP2	P55001	secreted_only	0
MFNG	O00587	endomembrane_resident	0
MGAT1	P26572	endomembrane_resident	0
MGAT2	Q10469	endomembrane_resident	0
MGAT3	Q09327	endomembrane_resident	0
MGAT4A	Q9UM21	endomembrane_resident	0
MGAT4B	Q9UQ53	endomembrane_resident	0
MGAT4D	A6NG13	endomembrane_resident	0
MGLL	Q99685	inner_leaflet_anchored	0
MGP	P08493	secreted_only	0
MGST1	P10620	endomembrane_resident	0
MGST2	Q99735	endomembrane_resident	0
MGST3	O14880	endomembrane_resident	0
MIA	Q16674	secreted_only	0
MIA2	Q96PC5	endomembrane_resident	0
MINAR2	P59773	endomembrane_resident	0
MKRN2OS	H3BPM6	other	0
MLANA	Q16655	pmhc_only_intracellular	0
MLEC	Q14165	endomembrane_resident	0
MLN	P12872	secreted_only	0
MMD2	Q8IY49	endomembrane_resident	0
MMP1	P03956	secreted_only	0
MMP11	P24347	secreted_only	0
MMP12	P39900	secreted_only	0
MMP19	Q99542	secreted_only	0
MMP20	O60882	secreted_only	0
MMP21	Q8N119	secreted_only	0
MMP3	P08254	secreted_only	0
MMRN2	Q9H8L6	secreted_only	0
MOBP	Q13875	inner_leaflet_anchored	0
MOGAT1	Q96PD6	endomembrane_resident	0
MOGAT2	Q3SYC2	endomembrane_resident	0
MOGAT3	Q86VF5	endomembrane_resident	0
MOGS	Q13724	endomembrane_resident	0
MON2	Q7Z3U7	endomembrane_resident	0
MOSPD3	O75425	endomembrane_resident	0
MPDU1	O75352	endomembrane_resident	0
MPPE1	Q53F39	endomembrane_resident	0
MPV17L	Q2QL34	endomembrane_resident	0
MRAS	O14807	inner_leaflet_anchored	0
MRLN	P0DMT0	endomembrane_resident	0
MSMB	P08118	secreted_only	0
MSMO1	Q15800	endomembrane_resident	0
MSRB3	Q8IXL7	endomembrane_resident	0
MST1	P26927	secreted_only	0
MSTN	O14793	secreted_only	0
MT3	P25713	secreted_only	0
MTCL2	O94964	secreted_only	0
MTHFD1	P11586	pmhc_only_intracellular	0
MUC19	Q7Z5P9	secreted_only	0
MUC2	Q02817	secreted_only	0
MUC5AC	P98088	secreted_only	0
MUC5B	Q9HC84	secreted_only	0
MUC6	Q6W4X9	secreted_only	0
MUC7	Q8TAX7	secreted_only	0
MXRA7	P84157	endomembrane_resident	0
MYO1F	O00160	inner_leaflet_anchored	0
MYO1H	Q8N1T3	inner_leaflet_anchored	0
MYRFL	Q96LU7	endomembrane_resident	0
MZB1	Q8WU39	secreted_only	0
NAA60	Q9H7X0	endomembrane_resident	0
NAGA	P17050	endomembrane_resident	0
NAGLU	P54802	endomembrane_resident	0
NAPSA	O96009	endomembrane_resident	0
NAT8	Q9UHE5	endomembrane_resident	0
NAT8L	Q8N9F0	endomembrane_resident	0
NAXE	Q8NCW5	secreted_only	0
NBAS	A2RRP1	endomembrane_resident	0
NBL1	P41271	secreted_only	0
NCAN	O14594	secreted_only	0
NCEH1	Q6PIU2	endomembrane_resident	0
NDST1	P52848	endomembrane_resident	0
NDST2	P52849	endomembrane_resident	0
NDST3	O95803	endomembrane_resident	0
NDST4	Q9H3R1	endomembrane_resident	0
NECAB3	Q96P71	endomembrane_resident	0
NEMP2	A6NFY4	nuclear_envelope	0
NEURL1	O76050	inner_leaflet_anchored	0
NFE2L3	Q9Y4A8	endomembrane_resident	0
NGF	P01138	secreted_only	0
NID1	P14543	secreted_only	0
NISCH	Q9Y2I1	inner_leaflet_anchored	0
NKAIN4	Q8IVV8	endomembrane_resident	0
NMS	Q5H8A3	secreted_only	0
NMU	P48645	secreted_only	0
NNAT	Q16517	endomembrane_resident	0
NODAL	Q96S42	secreted_only	0
NOG	Q13253	secreted_only	0
NOMO2	Q5JPE7	endomembrane_resident	0
NOSTRIN	Q8IVI9	inner_leaflet_anchored	0
NOTCH2NLA	Q7Z3S9	secreted_only	0
NPB	Q8NG41	secreted_only	0
NPFF	O15130	secreted_only	0
NPIPA1	Q9UND3	nuclear_envelope	0
NPIPA2	E9PIF3	nuclear_envelope	0
NPIPB12	F8W0I5	nuclear_envelope	0
NPIPB13	A6NJU9	nuclear_envelope	0
NPIPB3	Q92617	nuclear_envelope	0
NPIPB4	C9JG80	nuclear_envelope	0
NPIPB5	A8MRT5	nuclear_envelope	0
NPIPB9	F8W1W9	nuclear_envelope	0
NPPA	P01160	secreted_only	0
NPPB	P16860	secreted_only	0
NPPC	P23582	secreted_only	0
NPVF	Q9HCQ7	secreted_only	0
NPW	Q8N729	secreted_only	0
NPY	P01303	secreted_only	0
NRBP1	Q9UHY1	endomembrane_resident	0
NRM	Q8IXM6	nuclear_envelope	0
NRTN	Q99748	secreted_only	0
NSDHL	Q15738	endomembrane_resident	0
NSF	P46459	inner_leaflet_anchored	0
NSG1	P42857	endomembrane_resident	0
NSG2	Q9Y328	endomembrane_resident	0
NSMAF	Q92636	inner_leaflet_anchored	0
NTF3	P20783	secreted_only	0
NTF4	P34130	secreted_only	0
NTN1	O95631	secreted_only	0
NTS	P30990	secreted_only	0
NUCB1	Q02818	endomembrane_resident	0
NUDT7	P0C024	other	0
NUP107	P57740	nuclear_envelope	0
NUP133	Q8WUM0	nuclear_envelope	0
NUP155	O75694	nuclear_envelope	0
NUP160	Q12769	nuclear_envelope	0
NUP188	Q5SRE5	nuclear_envelope	0
NUP205	Q92621	nuclear_envelope	0
NUP214	P35658	nuclear_envelope	0
NUP35	Q8NFH5	nuclear_envelope	0
NUP37	Q8NFH4	nuclear_envelope	0
NUP54	Q7Z3B4	nuclear_envelope	0
NUP58	Q9BVL2	nuclear_envelope	0
NUP62	P37198	nuclear_envelope	0
NUP62CL	Q9H1M0	nuclear_envelope	0
NUP85	Q9BW27	nuclear_envelope	0
NUP88	Q99567	nuclear_envelope	0
NUP93	Q8N1F7	nuclear_envelope	0
NXF2	Q9GZY0	nuclear_envelope	0
OBP2A	Q9NY56	secreted_only	0
OBP2B	Q9NPH6	secreted_only	0
OC90	Q02509	secreted_only	0
OCRL	Q01968	inner_leaflet_anchored	0
OGFR	Q9NZT2	nuclear_envelope	0
OMD	Q99983	secreted_only	0
OPRPN	Q99935	secreted_only	0
OPTC	Q9UBM4	secreted_only	0
ORM2	P19652	secreted_only	0
ORMDL3	Q8N138	endomembrane_resident	0
OS9	Q13438	endomembrane_resident	0
OSBPL3	Q9H4L5	inner_leaflet_anchored	0
OSBPL8	Q9BZF1	inner_leaflet_anchored	0
OSBPL9	Q96SU4	endomembrane_resident	0
OSM	P13725	secreted_only	0
OST4	P0C6T2	endomembrane_resident	0
OSTN	P61366	secreted_only	0
OTOGL	Q3ZCN5	secreted_only	0
OTOL1	A6NHN0	secreted_only	0
OTOR	Q9NRC9	secreted_only	0
OTOS	Q8NHW6	secreted_only	0
OTULINL	Q9NUU6	endomembrane_resident	0
OVCH1	Q7RTY7	secreted_only	0
OXT	P01178	secreted_only	0
P3H2	Q8IVL5	endomembrane_resident	0
P4HA1	P13674	endomembrane_resident	0
P4HA2	O15460	endomembrane_resident	0
P4HA3	Q7Z4N8	endomembrane_resident	0
P4HTM	Q9NXG6	endomembrane_resident	0
PABPC1L2A	Q5JQF8	secreted_only	0
PACSIN3	Q9UKS6	inner_leaflet_anchored	0
PAGE1	O75459	pmhc_only_intracellular	0
PAGE2	Q7Z2X7	pmhc_only_intracellular	0
PAGE2B	Q5JRK9	pmhc_only_intracellular	0
PAGE3	Q5JUK9	pmhc_only_intracellular	0
PAGE4	O60829	pmhc_only_intracellular	0
PAGE5	Q96GU1	pmhc_only_intracellular	0
PALM3	A6NDB9	inner_leaflet_anchored	0
PALS2	Q9NZW5	inner_leaflet_anchored	0
PAPLN	O95428	secreted_only	0
PAQR3	Q6TCH7	endomembrane_resident	0
PAQR4	Q8N4S7	endomembrane_resident	0
PARP16	Q8N5Y8	endomembrane_resident	0
PARP8	Q8N3A8	endomembrane_resident	0
PARVA	Q9NVD7	inner_leaflet_anchored	0
PARVG	Q9HBI0	inner_leaflet_anchored	0
PCARE	A6NGG8	inner_leaflet_anchored	0
PCED1A	Q9H1Q7	endomembrane_resident	0
PCNX4	Q63HM2	endomembrane_resident	0
PCOLCE	Q15113	secreted_only	0
PCOLCE2	Q9UKZ9	secreted_only	0
PCSK1	P29120	secreted_only	0
PCSK1N	Q9UHG2	secreted_only	0
PCSK2	P16519	secreted_only	0
PCSK4	Q6UW60	endomembrane_resident	0
PCYOX1	Q9UHG3	endomembrane_resident	0
PCYOX1L	Q8NBM8	endomembrane_resident	0
PDE3B	Q13370	endomembrane_resident	0
PDE6C	P51160	inner_leaflet_anchored	0
PDIA2	Q13087	endomembrane_resident	0
PDIA5	Q14554	endomembrane_resident	0
PDILT	Q8N807	endomembrane_resident	0
PDXDC1	Q6P996	endomembrane_resident	0
PDYN	P01213	secreted_only	0
PDZD4	Q76G19	inner_leaflet_anchored	0
PEA15	Q15121	inner_leaflet_anchored	0
PEAK1	Q9H792	inner_leaflet_anchored	0
PECR	Q9BY49	other	0
PEDS1	A5PLL7	endomembrane_resident	0
PEMT	Q9UBM1	endomembrane_resident	0
PENK	P01210	secreted_only	0
PEX10	O60683	endomembrane_resident	0
PEX11A	O75192	endomembrane_resident	0
PEX11B	O96011	endomembrane_resident	0
PEX11G	Q96HA9	endomembrane_resident	0
PEX12	O00623	endomembrane_resident	0
PEX13	Q92968	endomembrane_resident	0
PEX14	O75381	other	0
PEX16	Q9Y5Y5	endomembrane_resident	0
PEX2	P28328	endomembrane_resident	0
PEX26	Q7Z412	endomembrane_resident	0
PEX3	P56589	endomembrane_resident	0
PEX39	Q5I0X4	endomembrane_resident	0
PF4	P02776	secreted_only	0
PF4V1	P10720	secreted_only	0
PGA3	P0DJD8	secreted_only	0
PGA4	P0DJD7	secreted_only	0
PGA5	P0DJD9	secreted_only	0
PGAP2	Q9UHJ9	endomembrane_resident	0
PGAP4	Q9BRR3	endomembrane_resident	0
PGC	P20142	secreted_only	0
PGF	P49763	secreted_only	0
PGLYRP1	O75594	secreted_only	0
PHGR1	C9JFL3	secreted_only	0
PHLDA2	Q53GA4	inner_leaflet_anchored	0
PHLDA3	Q9Y5J5	inner_leaflet_anchored	0
PHTF1	Q9UMS5	endomembrane_resident	0
PHTF2	Q8N3S3	endomembrane_resident	0
PHYH	O14832	other	0
PI4KB	Q9UBF8	inner_leaflet_anchored	0
PIBF1	Q8WXW3	secreted_only	0
PIERCE2	H3BRN8	other	0
PIGA	P37287	endomembrane_resident	0
PIGB	Q92521	endomembrane_resident	0
PIGC	Q92535	endomembrane_resident	0
PIGF	Q07326	endomembrane_resident	0
PIGH	Q14442	endomembrane_resident	0
PIGK	Q92643	endomembrane_resident	0
PIGL	Q9Y2B2	endomembrane_resident	0
PIGM	Q9H3S5	endomembrane_resident	0
PIGP	P57054	endomembrane_resident	0
PIGQ	Q9BRB3	endomembrane_resident	0
PIGU	Q9H490	endomembrane_resident	0
PIGV	Q9NUD9	endomembrane_resident	0
PIGY	Q3MUY2	endomembrane_resident	0
PIGZ	Q86VD9	endomembrane_resident	0
PIK3C2A	O00443	inner_leaflet_anchored	0
PIK3CA	P42336	inner_leaflet_anchored	0
PIK3CB	P42338	inner_leaflet_anchored	0
PIK3R1	P27986	inner_leaflet_anchored	0
PIK3R2	O00459	inner_leaflet_anchored	0
PIK3R3	Q92569	inner_leaflet_anchored	0
PIP4P1	Q86T03	endomembrane_resident	0
PIP4P2	Q8N4L2	inner_leaflet_anchored	0
PIP5K1B	O14986	inner_leaflet_anchored	0
PIP5K1C	O60331	inner_leaflet_anchored	0
PIPOX	Q9P0Z9	endomembrane_resident	0
PITPNM1	O00562	inner_leaflet_anchored	0
PKMYT1	Q99640	endomembrane_resident	0
PKN3	Q6P5Z2	pmhc_only_intracellular	0
PLA2G12B	Q9BX93	secreted_only	0
PLA2G2D	Q9UNK4	secreted_only	0
PLA2G4C	Q9UP65	inner_leaflet_anchored	0
PLA2G4E	Q3MJ16	inner_leaflet_anchored	0
PLA2G5	P39877	secreted_only	0
PLCB3	Q01970	inner_leaflet_anchored	0
PLCE1	Q9P212	inner_leaflet_anchored	0
PLCH1	Q4KWH8	inner_leaflet_anchored	0
PLEK2	Q9NYT0	inner_leaflet_anchored	0
PLEKHA2	Q9HB19	inner_leaflet_anchored	0
PLEKHB1	Q9UF11	inner_leaflet_anchored	0
PLEKHB2	Q96CS7	inner_leaflet_anchored	0
PLEKHG2	Q9H7P9	inner_leaflet_anchored	0
PLEKHG3	A1L390	inner_leaflet_anchored	0
PLEKHS1	Q5SXH7	inner_leaflet_anchored	0
PLN	P26678	endomembrane_resident	0
PLOD1	Q02809	endomembrane_resident	0
PLOD2	O00469	endomembrane_resident	0
PLOD3	O60568	endomembrane_resident	0
PLPP6	Q8IY26	endomembrane_resident	0
PMCH	P20382	secreted_only	0
PMVK	Q15126	other	0
PNLDC1	Q8NA58	endomembrane_resident	0
PNLIP	P16233	secreted_only	0
PNLIPRP1	P54315	secreted_only	0
PNLIPRP2	P54317	secreted_only	0
PNLIPRP3	Q17RR3	secreted_only	0
PNPLA3	Q9NST1	endomembrane_resident	0
PNPLA7	Q6ZV29	endomembrane_resident	0
PODN	Q7Z5L7	secreted_only	0
PODNL1	Q6PEZ8	secreted_only	0
POF1B	Q8WVV4	inner_leaflet_anchored	0
POFUT1	Q9H488	endomembrane_resident	0
POFUT2	Q9Y2G5	endomembrane_resident	0
POFUT3	Q6P4F1	endomembrane_resident	0
POFUT4	Q495W5	endomembrane_resident	0
POGLUT1	Q8NBL1	endomembrane_resident	0
POGLUT2	Q6UW63	endomembrane_resident	0
POGLUT3	Q7Z4H8	endomembrane_resident	0
POM121	Q96HA1	nuclear_envelope	0
POM121C	A8CG34	nuclear_envelope	0
POM121L12	Q8N7R1	nuclear_envelope	0
POM121L2	Q96KW2	nuclear_envelope	0
POMC	P01189	secreted_only	0
POMGNT1	Q8WZA1	endomembrane_resident	0
POMGNT2	Q8NAT1	endomembrane_resident	0
POMZP3	Q6PJE2	endomembrane_resident	0
PON2	Q15165	endomembrane_resident	0
PON3	Q15166	secreted_only	0
POR	P16435	endomembrane_resident	0
POTEI	P0CG38	secreted_only	0
POTEJ	P0CG39	secreted_only	0
PPBP	P02775	secreted_only	0
PPIAL4A	Q9Y536	secreted_only	0
PPIAL4C	A0A0B4J2A2	secreted_only	0
PPP1R3A	Q16821	inner_leaflet_anchored	0
PPT2	Q9UMR5	endomembrane_resident	0
PPY	P01298	secreted_only	0
PRAMEF1	O95521	pmhc_only_intracellular	0
PRAMEF11	O60813	pmhc_only_intracellular	0
PRAMEF12	O95522	pmhc_only_intracellular	0
PRAMEF14	Q5SWL7	pmhc_only_intracellular	0
PRAMEF25	A6NGN4	pmhc_only_intracellular	0
PRAMEF6	Q5VXH4	pmhc_only_intracellular	0
PRB1	P04280	secreted_only	0
PRB2	P02812	secreted_only	0
PRB3	Q04118	secreted_only	0
PRB4	P10163	secreted_only	0
PREB	Q9HCU5	endomembrane_resident	0
PREX2	Q70Z35	inner_leaflet_anchored	0
PRH1	P02810	secreted_only	0
PRH2	P02810	secreted_only	0
PRKCB	P05771	inner_leaflet_anchored	0
PRKCD	Q05655	inner_leaflet_anchored	0
PRKCG	P05129	inner_leaflet_anchored	0
PRKCQ	Q04759	inner_leaflet_anchored	0
PRKCSH	P14314	endomembrane_resident	0
PRKCZ	Q05513	inner_leaflet_anchored	0
PRKD2	Q9BZL6	inner_leaflet_anchored	0
PRL	P01236	secreted_only	0
PRLH	P81277	secreted_only	0
PROC	P04070	secreted_only	0
PROK1	P58294	secreted_only	0
PROZ	P22891	secreted_only	0
PRR4	Q16378	secreted_only	0
PRSS1	P07477	secreted_only	0
PRSS12	P56730	secreted_only	0
PRSS16	Q9NQE7	endomembrane_resident	0
PRSS2	P07478	secreted_only	0
PRSS27	Q9BQR3	secreted_only	0
PRSS3	P35030	secreted_only	0
PRSS37	A4D1T9	secreted_only	0
PRSS50	Q9UI38	endomembrane_resident	0
PRSS56	P0CW18	secreted_only	0
PRSS58	Q8IYP2	secreted_only	0
PRXL2B	Q8TBF2	secreted_only	0
PSAPL1	Q6NUJ1	secreted_only	0
PSG2	P11465	secreted_only	0
PSG3	Q16557	secreted_only	0
PSG6	Q00889	secreted_only	0
PSG7	Q13046	secreted_only	0
PSMA8	Q8TAA3	secreted_only	0
PSMB10	P40306	pmhc_only_intracellular	0
PSMB11	A5LHX3	pmhc_only_intracellular	0
PSMB3	P49720	pmhc_only_intracellular	0
PSMB8	P28062	pmhc_only_intracellular	0
PSMB9	P28065	pmhc_only_intracellular	0
PSORS1C2	Q9UIG4	secreted_only	0
PSPN	O60542	secreted_only	0
PTDSS1	P48651	endomembrane_resident	0
PTDSS2	Q9BVG9	endomembrane_resident	0
PTGES	O14684	endomembrane_resident	0
PTGES2	Q9H7Z7	endomembrane_resident	0
PTGS1	P23219	endomembrane_resident	0
PTGS2	P35354	endomembrane_resident	0
PTH	P01270	secreted_only	0
PTH2	Q96A98	secreted_only	0
PTHLH	P12272	secreted_only	0
PTN	P21246	secreted_only	0
PTP4A2	Q12974	inner_leaflet_anchored	0
PTPN1	P18031	endomembrane_resident	0
PTPN14	Q15678	inner_leaflet_anchored	0
PTPN5	P54829	inner_leaflet_anchored	0
PUM3	Q15397	pmhc_only_intracellular	0
PXMP2	Q9NR77	endomembrane_resident	0
PXMP4	Q9Y6I8	endomembrane_resident	0
PXN	P49023	inner_leaflet_anchored	0
PXT1	Q8NFP0	other	0
PXYLP1	Q8TE99	endomembrane_resident	0
PYY	P10082	secreted_only	0
PZP	P20742	secreted_only	0
QPCTL	Q9NXS2	endomembrane_resident	0
QRFP	P83859	secreted_only	0
RAB10	P61026	inner_leaflet_anchored	0
RAB11B	Q15907	inner_leaflet_anchored	0
RAB12	Q6IQ22	inner_leaflet_anchored	0
RAB14	P61106	inner_leaflet_anchored	0
RAB15	P59190	inner_leaflet_anchored	0
RAB1B	Q9H0U4	inner_leaflet_anchored	0
RAB20	Q9NX57	inner_leaflet_anchored	0
RAB22A	Q9UL26	inner_leaflet_anchored	0
RAB24	Q969Q5	inner_leaflet_anchored	0
RAB26	Q9ULW5	inner_leaflet_anchored	0
RAB28	P51157	inner_leaflet_anchored	0
RAB29	O14966	inner_leaflet_anchored	0
RAB2A	P61019	endomembrane_resident	0
RAB2B	Q8WUD1	inner_leaflet_anchored	0
RAB30	Q15771	endomembrane_resident	0
RAB32	Q13637	inner_leaflet_anchored	0
RAB33A	Q14088	inner_leaflet_anchored	0
RAB33B	Q9H082	inner_leaflet_anchored	0
RAB34	Q9BZG1	inner_leaflet_anchored	0
RAB36	O95755	inner_leaflet_anchored	0
RAB37	Q96AX2	inner_leaflet_anchored	0
RAB38	P57729	inner_leaflet_anchored	0
RAB39B	Q96DA2	inner_leaflet_anchored	0
RAB3A	P20336	inner_leaflet_anchored	0
RAB3C	Q96E17	inner_leaflet_anchored	0
RAB3D	O95716	inner_leaflet_anchored	0
RAB40A	Q8WXH6	inner_leaflet_anchored	0
RAB40AL	P0C0E4	inner_leaflet_anchored	0
RAB40C	Q96S21	inner_leaflet_anchored	0
RAB41	Q5JT25	endomembrane_resident	0
RAB42	Q8N4Z0	inner_leaflet_anchored	0
RAB4A	P20338	inner_leaflet_anchored	0
RAB4B	P61018	inner_leaflet_anchored	0
RAB5A	P20339	inner_leaflet_anchored	0
RAB5B	P61020	inner_leaflet_anchored	0
RAB6A	P20340	inner_leaflet_anchored	0
RAB6B	Q9NRW1	inner_leaflet_anchored	0
RAB6C	Q9H0N0	inner_leaflet_anchored	0
RAB6D	Q53S08	endomembrane_resident	0
RAB7A	P51149	inner_leaflet_anchored	0
RAB7B	Q96AH8	inner_leaflet_anchored	0
RAB8B	Q92930	inner_leaflet_anchored	0
RAB9A	P51151	inner_leaflet_anchored	0
RAB9B	Q9NP90	inner_leaflet_anchored	0
RABAC1	Q9UI14	endomembrane_resident	0
RABL3	Q5HYI8	inner_leaflet_anchored	0
RAC3	P60763	inner_leaflet_anchored	0
RALB	P11234	inner_leaflet_anchored	0
RANBP2	P49792	nuclear_envelope	0
RAP1A	P62834	inner_leaflet_anchored	0
RAP1B	P61224	inner_leaflet_anchored	0
RAP2B	P61225	inner_leaflet_anchored	0
RAP2C	Q9Y3L5	inner_leaflet_anchored	0
RAPGEF4	Q8WZA2	inner_leaflet_anchored	0
RAPGEFL1	Q9UHV5	inner_leaflet_anchored	0
RARRES2	Q99969	secreted_only	0
RASA2	Q15283	inner_leaflet_anchored	0
RASEF	Q8IZ41	inner_leaflet_anchored	0
RASGEF1A	Q8N9B8	inner_leaflet_anchored	0
RASGEF1B	Q0VAM2	inner_leaflet_anchored	0
RASGEF1C	Q8N431	inner_leaflet_anchored	0
RASGRF1	Q13972	inner_leaflet_anchored	0
RASGRP3	Q8IV61	inner_leaflet_anchored	0
RASL10A	Q92737	inner_leaflet_anchored	0
RASL11B	Q9BPW5	inner_leaflet_anchored	0
RASL12	Q9NYN1	inner_leaflet_anchored	0
RASSF9	O75901	endomembrane_resident	0
RBP3	P10745	secreted_only	0
RBP4	P02753	secreted_only	0
RCE1	Q9Y256	endomembrane_resident	0
RCN2	Q14257	endomembrane_resident	0
RCN3	Q96D15	endomembrane_resident	0
RCVRN	P35243	inner_leaflet_anchored	0
RDH10	Q8IZV5	endomembrane_resident	0
RDH11	Q8TC12	endomembrane_resident	0
RDH16	O75452	endomembrane_resident	0
RDH5	Q92781	endomembrane_resident	0
REEP1	Q9H902	endomembrane_resident	0
REEP2	Q9BRK0	endomembrane_resident	0
REEP3	Q6NUK4	endomembrane_resident	0
REEP4	Q9H6H4	endomembrane_resident	0
REEP5	Q00765	endomembrane_resident	0
REEP6	Q96HR9	endomembrane_resident	0
REG1A	P05451	secreted_only	0
REG1B	P48304	secreted_only	0
REG3A	Q06141	secreted_only	0
REG3G	Q6UW15	secreted_only	0
RELCH	Q9P260	endomembrane_resident	0
RELN	P78509	secreted_only	0
REM1	O75628	inner_leaflet_anchored	0
REM2	Q8IYK8	inner_leaflet_anchored	0
RER1	O15258	endomembrane_resident	0
RERG	Q96A58	inner_leaflet_anchored	0
RESF1	Q9HCM1	pmhc_only_intracellular	0
RESP18	Q5W5W9	secreted_only	0
RETN	Q9HD89	secreted_only	0
RETREG1	Q9H6L5	endomembrane_resident	0
RETREG2	Q8NC44	endomembrane_resident	0
RETREG3	Q86VR2	endomembrane_resident	0
RETSAT	Q6NUM9	endomembrane_resident	0
RFFL	Q8WZ73	inner_leaflet_anchored	0
RFNG	Q9Y644	endomembrane_resident	0
RFT1	Q96AA3	endomembrane_resident	0
RGL1	Q9NZL6	inner_leaflet_anchored	0
RGL4	Q8IZJ4	inner_leaflet_anchored	0
RGPD2	P0DJD1	nuclear_envelope	0
RGPD3	A6NKT7	endomembrane_resident	0
RGPD5	Q99666	nuclear_envelope	0
RGPD6	Q99666	nuclear_envelope	0
RGPD8	O14715	nuclear_envelope	0
RGS11	O94810	inner_leaflet_anchored	0
RGS7	P49802	inner_leaflet_anchored	0
RGS9	O75916	inner_leaflet_anchored	0
RGSL1	A5PLK6	inner_leaflet_anchored	0
RHBDD2	Q6NTF9	endomembrane_resident	0
RHBDD3	Q9Y3P4	endomembrane_resident	0
RHBDF1	Q96CC6	endomembrane_resident	0
RHBDL1	O75783	endomembrane_resident	0
RHEB	Q15382	inner_leaflet_anchored	0
RHEBL1	Q8TAI7	inner_leaflet_anchored	0
RHOD	O00212	inner_leaflet_anchored	0
RHOF	Q9HBH0	inner_leaflet_anchored	0
RHOG	P84095	inner_leaflet_anchored	0
RHOH	Q15669	inner_leaflet_anchored	0
RHOQ	P17081	inner_leaflet_anchored	0
RHOU	Q7L0Q8	inner_leaflet_anchored	0
RHOV	Q96L33	inner_leaflet_anchored	0
RHPN1	Q8TCX5	inner_leaflet_anchored	0
RIC3	Q7Z5B4	endomembrane_resident	0
RIC8B	Q9NVN3	inner_leaflet_anchored	0
RIN1	Q13671	inner_leaflet_anchored	0
RIT2	Q99578	inner_leaflet_anchored	0
RLN1	P04808	secreted_only	0
RLN2	P04090	secreted_only	0
RLN3	Q8WXF3	secreted_only	0
RNASE1	P07998	secreted_only	0
RNASE3	P12724	secreted_only	0
RNASE6	Q93091	secreted_only	0
RNASE7	Q9H1E1	secreted_only	0
RNASE8	Q8TDE3	secreted_only	0
RND2	P52198	inner_leaflet_anchored	0
RND3	P61587	inner_leaflet_anchored	0
RNF103	O00237	endomembrane_resident	0
RNF121	Q9H920	endomembrane_resident	0
RNF122	Q9H9V4	endomembrane_resident	0
RNF125	Q96EQ8	endomembrane_resident	0
RNF139	Q8WU17	endomembrane_resident	0
RNF148	Q8N7C7	endomembrane_resident	0
RNF152	Q8N8N0	endomembrane_resident	0
RNF170	Q96K19	endomembrane_resident	0
RNF175	Q8N4F7	endomembrane_resident	0
RNF183	Q96D59	endomembrane_resident	0
RNF185	Q96GF1	endomembrane_resident	0
RNF186	Q9NXI6	endomembrane_resident	0
RNF19B	Q6ZMZ0	endomembrane_resident	0
RNF222	A6NCQ9	endomembrane_resident	0
RNF24	Q9Y225	endomembrane_resident	0
RNF26	Q9BY78	endomembrane_resident	0
RNF5	Q99942	endomembrane_resident	0
RNPEP	Q9H4A4	secreted_only	0
ROGDI	Q9GZN7	nuclear_envelope	0
RPS4Y1	P22090	pmhc_only_intracellular	0
RRAS	P10301	inner_leaflet_anchored	0
RRAS2	P62070	inner_leaflet_anchored	0
RRBP1	Q9P2E9	endomembrane_resident	0
RSPH6A	Q9H0K4	other	0
RSPO1	Q2MKA7	secreted_only	0
RSPO2	Q6UXX9	secreted_only	0
RTBDN	Q9BSG5	secreted_only	0
RTKN	Q9BST9	inner_leaflet_anchored	0
RTN1	Q16799	endomembrane_resident	0
RTN3	O95197	endomembrane_resident	0
RUSF1	Q96GQ5	endomembrane_resident	0
SAA1	P0DJI8	secreted_only	0
SAA2	P0DJI9	secreted_only	0
SAA4	P35542	secreted_only	0
SACM1L	Q9NTJ5	endomembrane_resident	0
SAGE1	Q9NXZ1	pmhc_only_intracellular	0
SAMD8	Q96LT4	endomembrane_resident	0
SAR1B	Q9Y6B6	inner_leaflet_anchored	0
SARAF	Q96BY9	endomembrane_resident	0
SART1	O43290	pmhc_only_intracellular	0
SART3	Q15020	pmhc_only_intracellular	0
SAT2	Q96F10	secreted_only	0
SAYSD1	Q9NPB0	endomembrane_resident	0
SBSPON	Q8IVN8	secreted_only	0
SCAMP1	O15126	endomembrane_resident	0
SCAMP2	O15127	endomembrane_resident	0
SCD	O00767	endomembrane_resident	0
SCD5	Q86SK9	endomembrane_resident	0
SCG3	Q8WXD2	secreted_only	0
SCG5	P05408	secreted_only	0
SCGB1A1	P11684	secreted_only	0
SCGB1C1	Q8TD33	secreted_only	0
SCGB1C2	P0DMR2	secreted_only	0
SCGB1D1	O95968	secreted_only	0
SCGB1D2	O95969	secreted_only	0
SCGB1D4	Q6XE38	secreted_only	0
SCGB2A1	O75556	secreted_only	0
SCGB2A2	Q13296	secreted_only	0
SCGB2B2	Q4G0G5	secreted_only	0
SCGB3A1	Q96QR1	secreted_only	0
SCGB3A2	Q96PL1	secreted_only	0
SCOC	Q9UIL1	endomembrane_resident	0
SCT	P09683	secreted_only	0
SCYL2	Q6P3W7	inner_leaflet_anchored	0
SDF2	Q99470	secreted_only	0
SDF2L1	Q9HCN8	endomembrane_resident	0
SDF4	Q9BRK5	endomembrane_resident	0
SDR16C5	Q8N3Y7	endomembrane_resident	0
SDR42E1	Q8WUS8	endomembrane_resident	0
SEC11A	P67812	endomembrane_resident	0
SEC11C	Q9BY50	endomembrane_resident	0
SEC22A	Q96IW7	endomembrane_resident	0
SEC22C	Q9BRL7	endomembrane_resident	0
SEC23A	Q15436	endomembrane_resident	0
SEC31B	Q9NQW1	endomembrane_resident	0
SEC61A1	P61619	endomembrane_resident	0
SEC61A2	Q9H9S3	endomembrane_resident	0
SEC61B	P60468	endomembrane_resident	0
SEC62	Q99442	endomembrane_resident	0
SEC63	Q9UGP8	endomembrane_resident	0
SELENOF	O60613	endomembrane_resident	0
SELENOI	Q9C0D9	endomembrane_resident	0
SELENOK	Q9Y6D0	endomembrane_resident	0
SELENOM	Q8WWX9	endomembrane_resident	0
SELENON	Q9NZV5	endomembrane_resident	0
SELENOT	P62341	endomembrane_resident	0
SEMA3D	O95025	secreted_only	0
SEMA3F	Q13275	secreted_only	0
SEMG2	Q02383	secreted_only	0
SEPTIN1	Q8WYJ6	inner_leaflet_anchored	0
SEPTIN3	Q9UH03	inner_leaflet_anchored	0
SEPTIN5	Q99719	inner_leaflet_anchored	0
SEPTIN8	Q92599	inner_leaflet_anchored	0
SEPTIN9	Q9UHD8	inner_leaflet_anchored	0
SERAC1	Q96JX3	endomembrane_resident	0
SERP1	Q9Y6X1	endomembrane_resident	0
SERP2	Q8N6R1	endomembrane_resident	0
SERPINA10	Q9UK55	secreted_only	0
SERPINA11	Q86U17	secreted_only	0
SERPINA2	P20848	endomembrane_resident	0
SERPINA4	P29622	secreted_only	0
SERPINA6	P08185	secreted_only	0
SERPINA7	P05543	secreted_only	0
SERPINC1	P01008	secreted_only	0
SERPIND1	P05546	secreted_only	0
SERPINE3	A8MV23	secreted_only	0
SERPINH1	P50454	endomembrane_resident	0
SERPINI2	O75830	secreted_only	0
SERTM1	A2A2V5	endomembrane_resident	0
SERTM2	A0A1B0GWG4	endomembrane_resident	0
SFRP2	Q96HF1	secreted_only	0
SFRP5	Q5T4F7	secreted_only	0
SFT2D1	Q8WV19	endomembrane_resident	0
SFT2D2	O95562	endomembrane_resident	0
SFT2D3	Q587I9	endomembrane_resident	0
SFTPA1	Q8IWL2	secreted_only	0
SFTPD	P35247	secreted_only	0
SGMS1	Q86VZ5	endomembrane_resident	0
SGPL1	O95470	endomembrane_resident	0
SGPP1	Q9BX95	endomembrane_resident	0
SGPP2	Q8IWX5	endomembrane_resident	0
SGSH	P51688	endomembrane_resident	0
SH2B1	Q9NRF2	inner_leaflet_anchored	0
SH2B3	Q9UQQ2	inner_leaflet_anchored	0
SH3GL1	Q99961	inner_leaflet_anchored	0
SH3GL3	Q99963	inner_leaflet_anchored	0
SH3GLB1	Q9Y371	inner_leaflet_anchored	0
SH3GLB2	Q9NR46	inner_leaflet_anchored	0
SHBG	P04278	secreted_only	0
SHC3	Q92529	inner_leaflet_anchored	0
SHC4	Q6S5L8	inner_leaflet_anchored	0
SHISA3	A0PJX4	endomembrane_resident	0
SHISAL2A	Q6UWV7	endomembrane_resident	0
SHOC2	Q9UQ13	inner_leaflet_anchored	0
SIGMAR1	Q99720	endomembrane_resident	0
SIL1	Q9H173	endomembrane_resident	0
SIRAL2	Q9NWS6	other	0
SKAP2	O75563	inner_leaflet_anchored	0
SLC16A13	Q7RTY0	endomembrane_resident	0
SLC25A17	O43808	endomembrane_resident	0
SLC27A2	O14975	endomembrane_resident	0
SLC27A3	Q5K4L6	endomembrane_resident	0
SLC27A5	Q9Y2P5	endomembrane_resident	0
SLC30A2	Q9BRI3	endomembrane_resident	0
SLC30A3	Q99726	endomembrane_resident	0
SLC30A4	O14863	endomembrane_resident	0
SLC30A7	Q8NEW0	endomembrane_resident	0
SLC30A9	Q6PML9	endomembrane_resident	0
SLC33A2	Q96ES6	endomembrane_resident	0
SLC35A1	P78382	endomembrane_resident	0
SLC35A2	P78381	endomembrane_resident	0
SLC35A3	Q9Y2D2	endomembrane_resident	0
SLC35A4	Q96G79	endomembrane_resident	0
SLC35B1	P78383	endomembrane_resident	0
SLC35B2	Q8TB61	endomembrane_resident	0
SLC35B3	Q9H1N7	endomembrane_resident	0
SLC35B4	Q969S0	endomembrane_resident	0
SLC35C1	Q96A29	endomembrane_resident	0
SLC35D1	Q9NTN3	endomembrane_resident	0
SLC35D3	Q5M8T2	endomembrane_resident	0
SLC35D4	Q24JQ0	endomembrane_resident	0
SLC35E1	Q96K37	endomembrane_resident	0
SLC35E2B	P0CK96	endomembrane_resident	0
SLC35E3	Q7Z769	endomembrane_resident	0
SLC35E4	Q6ICL7	endomembrane_resident	0
SLC35F1	Q5T1Q4	endomembrane_resident	0
SLC35F3	Q8IY50	endomembrane_resident	0
SLC35F5	Q8WV83	endomembrane_resident	0
SLC35F6	Q8N357	endomembrane_resident	0
SLC35G1	Q2M3R5	endomembrane_resident	0
SLC35G3	Q8N808	endomembrane_resident	0
SLC35G4	P0C7Q5	endomembrane_resident	0
SLC35G5	Q96KT7	endomembrane_resident	0
SLC35G6	P0C7Q6	endomembrane_resident	0
SLC35H1	Q9NQQ7	endomembrane_resident	0
SLC38A10	Q9HBR0	endomembrane_resident	0
SLC39A13	Q96H72	endomembrane_resident	0
SLC39A7	Q92504	endomembrane_resident	0
SLC45A1	Q9Y2W3	endomembrane_resident	0
SLC66A2	Q8N2U9	endomembrane_resident	0
SLC66A3	Q8N755	endomembrane_resident	0
SLN	O00631	endomembrane_resident	0
SLPI	P03973	secreted_only	0
SLURP1	P55000	secreted_only	0
SMIM11	P58511	endomembrane_resident	0
SMIM13	P0DJ93	endomembrane_resident	0
SMIM14	Q96QK8	endomembrane_resident	0
SMIM15	Q7Z3B0	endomembrane_resident	0
SMIM19	Q96E16	endomembrane_resident	0
SMIM22	K7EJ46	endomembrane_resident	0
SMIM3	Q9BZL3	endomembrane_resident	0
SMIM31	A0A1B0GVY4	endomembrane_resident	0
SMIM40	Q5STR5	endomembrane_resident	0
SMIM41	A0A2R8YCJ5	endomembrane_resident	0
SMIM46	P0DQW1	endomembrane_resident	0
SMIM47	D0EPY3	endomembrane_resident	0
SMIM48	A0A494C1I1	endomembrane_resident	0
SMOC1	Q9H4F8	secreted_only	0
SMOC2	Q9H3U7	secreted_only	0
SMR3A	Q99954	secreted_only	0
SMR3B	P02814	secreted_only	0
SNAP47	Q5SQN1	inner_leaflet_anchored	0
SNED1	Q8TER0	secreted_only	0
SNX16	P57768	endomembrane_resident	0
SNX20	Q7Z614	inner_leaflet_anchored	0
SNX25	Q9H3E2	endomembrane_resident	0
SNX33	Q8WV41	inner_leaflet_anchored	0
SOAT1	P35610	endomembrane_resident	0
SOAT2	O75908	endomembrane_resident	0
SOST	Q9BQB4	secreted_only	0
SOSTDC1	Q6X4U4	secreted_only	0
SPACA7	Q96KW9	other	0
SPACDR	Q8IZ16	other	0
SPAG4	Q9NPE6	nuclear_envelope	0
SPANXA1	Q9NS26	pmhc_only_intracellular	0
SPANXA2	Q9NS26	pmhc_only_intracellular	0
SPANXB1	Q9NS25	pmhc_only_intracellular	0
SPANXN2	Q5MJ10	pmhc_only_intracellular	0
SPARCL1	Q14515	secreted_only	0
SPATA1	Q5VX52	other	0
SPATA16	Q9BXB7	endomembrane_resident	0
SPATA31A5	Q5VU36	pmhc_only_intracellular	0
SPATA31A7	Q8IWB4	other	0
SPATA31C1	P0DKV0	other	0
SPATA31F3	A6NFA0	other	0
SPATA31H1	Q68DN1	secreted_only	0
SPATA9	Q9BWV2	pmhc_only_intracellular	0
SPCS1	Q9Y6A9	endomembrane_resident	0
SPCS2	Q15005	endomembrane_resident	0
SPCS3	P61009	endomembrane_resident	0
SPEM2	Q0P670	endomembrane_resident	0
SPINK1	P00995	secreted_only	0
SPINK9	Q5DT21	secreted_only	0
SPNS1	Q9H2V7	endomembrane_resident	0
SPOCK2	Q92563	secreted_only	0
SPON1	Q9HCB6	secreted_only	0
SPON2	Q9BUD6	secreted_only	0
SPP1	P10451	secreted_only	0
SPP2	Q13103	secreted_only	0
SPRED1	Q7Z699	inner_leaflet_anchored	0
SPRY1	O43609	inner_leaflet_anchored	0
SPRY2	O43597	inner_leaflet_anchored	0
SPRY3	O43610	inner_leaflet_anchored	0
SPRY4	Q9C004	inner_leaflet_anchored	0
SPTAN1	Q13813	inner_leaflet_anchored	0
SPTBN4	Q9H254	inner_leaflet_anchored	0
SPTLC1	O15269	endomembrane_resident	0
SPTLC3	Q9NUV7	endomembrane_resident	0
SPTSSA	Q969W0	endomembrane_resident	0
SPTSSB	Q8NFR3	endomembrane_resident	0
SPX	Q9BT56	secreted_only	0
SQLE	Q14534	endomembrane_resident	0
SRD5A1	P18405	endomembrane_resident	0
SRD5A2	P31213	endomembrane_resident	0
SRGAP2B	P0DMP2	inner_leaflet_anchored	0
SRGAP3	O43295	inner_leaflet_anchored	0
SRL	Q86TD4	endomembrane_resident	0
SRPRA	P08240	endomembrane_resident	0
SSMEM1	Q8WWF3	endomembrane_resident	0
SSR3	Q9UNL2	endomembrane_resident	0
SSR4	P51571	endomembrane_resident	0
SST	P61278	secreted_only	0
SSX1	Q16384	pmhc_only_intracellular	0
SSX2	Q16385	pmhc_only_intracellular	0
SSX2B	Q16385	pmhc_only_intracellular	0
SSX3	Q99909	pmhc_only_intracellular	0
SSX5	O60225	pmhc_only_intracellular	0
ST3GAL2	Q16842	endomembrane_resident	0
ST3GAL3	Q11203	endomembrane_resident	0
ST6GAL2	Q96JF0	endomembrane_resident	0
ST6GALNAC1	Q9NSC7	endomembrane_resident	0
ST6GALNAC2	Q9UJ37	endomembrane_resident	0
ST6GALNAC3	Q8NDV1	endomembrane_resident	0
ST6GALNAC4	Q9H4F1	endomembrane_resident	0
ST6GALNAC5	Q9BVH7	endomembrane_resident	0
ST6GALNAC6	Q969X2	endomembrane_resident	0
ST8SIA1	Q92185	endomembrane_resident	0
ST8SIA2	Q92186	endomembrane_resident	0
ST8SIA3	O43173	endomembrane_resident	0
ST8SIA4	Q92187	endomembrane_resident	0
ST8SIA6	P61647	endomembrane_resident	0
STATH	P02808	secreted_only	0
STC1	P52823	secreted_only	0
STC2	O76061	secreted_only	0
STING1	Q86WV6	endomembrane_resident	0
STK11	Q15831	inner_leaflet_anchored	0
STK16	O75716	inner_leaflet_anchored	0
STK32A	Q8WU08	inner_leaflet_anchored	0
STMN2	Q93045	inner_leaflet_anchored	0
STOML1	Q9UBI4	endomembrane_resident	0
STRIT1	P0DN84	endomembrane_resident	0
STX10	O60499	endomembrane_resident	0
STX12	Q86Y82	endomembrane_resident	0
STX16	O14662	endomembrane_resident	0
STX17	P56962	endomembrane_resident	0
STX5	Q13190	endomembrane_resident	0
STX6	O43752	endomembrane_resident	0
STX8	Q9UNK0	endomembrane_resident	0
STXBP3	O00186	inner_leaflet_anchored	0
SUMF1	Q8NBK3	endomembrane_resident	0
SUMF2	Q8NBJ7	endomembrane_resident	0
SURF4	O15260	endomembrane_resident	0
SVOP	Q8N4V2	endomembrane_resident	0
SYCN	Q0VAF6	endomembrane_resident	0
SYN1	P17600	inner_leaflet_anchored	0
SYN2	Q92777	inner_leaflet_anchored	0
SYN3	O14994	inner_leaflet_anchored	0
SYNE3	Q6ZMZ3	nuclear_envelope	0
SYNE4	Q8N205	nuclear_envelope	0
SYNGR1	O43759	endomembrane_resident	0
SYNGR2	O43760	endomembrane_resident	0
SYNGR3	O43761	endomembrane_resident	0
SYNGR4	O95473	endomembrane_resident	0
SYS1	Q8N2H4	endomembrane_resident	0
SYT10	Q6XYQ8	endomembrane_resident	0
SYT13	Q7L8C5	endomembrane_resident	0
SYT5	O00445	inner_leaflet_anchored	0
SYT9	Q86SS6	inner_leaflet_anchored	0
SYTL3	Q4VX76	inner_leaflet_anchored	0
TAC1	P20366	secreted_only	0
TAC3	Q9UHF0	secreted_only	0
TAC4	Q86UU9	secreted_only	0
TAFA1	Q7Z5A9	secreted_only	0
TAFA2	Q8N3H0	secreted_only	0
TAFA3	Q7Z5A8	secreted_only	0
TAFA4	Q96LR4	secreted_only	0
TAFA5	Q7Z5A7	secreted_only	0
TANGO6	Q9C0B7	endomembrane_resident	0
TAP1	Q03518	endomembrane_resident	0
TAP2	Q03519	endomembrane_resident	0
TAPBPL	Q9BX59	endomembrane_resident	0
TBATA	Q96M53	pmhc_only_intracellular	0
TBC1D20	Q96BZ9	endomembrane_resident	0
TBC1D23	Q9NUY8	endomembrane_resident	0
TBC1D3E	A0A087X179	inner_leaflet_anchored	0
TBC1D3F	A6NER0	inner_leaflet_anchored	0
TBC1D3I	A0A087WXS9	inner_leaflet_anchored	0
TBC1D3L	B9A6J9	inner_leaflet_anchored	0
TBXAS1	P24557	endomembrane_resident	0
TBXT	O15178	pmhc_only_intracellular	0
TCN1	P20061	secreted_only	0
TCN2	P20062	secreted_only	0
TECR	Q9NZ01	endomembrane_resident	0
TECRL	Q5HYJ1	endomembrane_resident	0
TEPSIN	Q96N21	endomembrane_resident	0
TEX2	Q8IWB9	endomembrane_resident	0
TEX22	C9J3V5	other	0
TEX261	Q6UWH6	endomembrane_resident	0
TEX264	Q9Y6I9	endomembrane_resident	0
TEX28	O15482	endomembrane_resident	0
TEX36	Q5VZQ5	endomembrane_resident	0
TEX38	Q6PEX7	other	0
TEX50	A0A1B0GTY4	other	0
TEX51	A0A1B0GUA7	endomembrane_resident	0
TFF1	P04155	secreted_only	0
TFF2	Q03403	secreted_only	0
TFF3	Q07654	secreted_only	0
TG	P01266	secreted_only	0
TGFB2	P61812	secreted_only	0
TGFB3	P10600	secreted_only	0
TGM4	P49221	secreted_only	0
THEM6	Q8WUY1	endomembrane_resident	0
THPO	P40225	secreted_only	0
TINAG	Q9UJW2	secreted_only	0
TJAP1	Q5JTD0	endomembrane_resident	0
TLCD3A	Q8TBR7	endomembrane_resident	0
TLCD3B	Q71RH2	endomembrane_resident	0
TLCD4	Q96MV1	endomembrane_resident	0
TLCD5	Q6ZRR5	endomembrane_resident	0
TLN2	Q9Y4G6	inner_leaflet_anchored	0
TM6SF2	Q9BZW4	endomembrane_resident	0
TM7SF2	O76062	endomembrane_resident	0
TMBIM4	Q9HC24	endomembrane_resident	0
TMBIM6	P55061	endomembrane_resident	0
TMC6	Q7Z403	endomembrane_resident	0
TMC8	Q8IU68	endomembrane_resident	0
TMCC1	O94876	endomembrane_resident	0
TMCC2	O75069	endomembrane_resident	0
TMCC3	Q9ULS5	endomembrane_resident	0
TMCO1	Q9UM00	endomembrane_resident	0
TMCO4	Q5TGY1	endomembrane_resident	0
TMCO6	Q96DC7	nuclear_envelope	0
TMED2	Q15363	endomembrane_resident	0
TMED3	Q9Y3Q3	endomembrane_resident	0
TMED5	Q9Y3A6	endomembrane_resident	0
TMED6	Q8WW62	endomembrane_resident	0
TMEM107	Q6UX40	other	0
TMEM109	Q9BVC6	endomembrane_resident	0
TMEM115	Q12893	endomembrane_resident	0
TMEM120B	A0PK00	nuclear_envelope	0
TMEM121	Q9BTD3	nuclear_envelope	0
TMEM125	Q96AQ2	endomembrane_resident	0
TMEM127	O75204	endomembrane_resident	0
TMEM128	Q5BJH2	endomembrane_resident	0
TMEM129	A0AVI4	endomembrane_resident	0
TMEM135	Q86UB9	endomembrane_resident	0
TMEM138	Q9NPI0	endomembrane_resident	0
TMEM144	Q7Z5S9	endomembrane_resident	0
TMEM147	Q9BVK8	endomembrane_resident	0
TMEM14A	Q9Y6G1	endomembrane_resident	0
TMEM151A	Q8N4L1	endomembrane_resident	0
TMEM151B	Q8IW70	endomembrane_resident	0
TMEM165	Q9HC07	endomembrane_resident	0
TMEM168	Q9H0V1	nuclear_envelope	0
TMEM170A	Q8WVE7	endomembrane_resident	0
TMEM175	Q9BSA9	endomembrane_resident	0
TMEM18	Q96B42	nuclear_envelope	0
TMEM185A	Q8NFB2	endomembrane_resident	0
TMEM185B	Q9H7F4	endomembrane_resident	0
TMEM187	Q14656	endomembrane_resident	0
TMEM19	Q96HH6	endomembrane_resident	0
TMEM191B	P0C7N4	endomembrane_resident	0
TMEM191C	A6NGB0	endomembrane_resident	0
TMEM201	Q5SNT2	nuclear_envelope	0
TMEM203	Q969S6	endomembrane_resident	0
TMEM208	Q9BTX3	endomembrane_resident	0
TMEM209	Q96SK2	nuclear_envelope	0
TMEM214	Q6NUQ4	endomembrane_resident	0
TMEM216	Q9P0N5	endomembrane_resident	0
TMEM217B	A0A494BZU4	endomembrane_resident	0
TMEM221	A6NGB7	endomembrane_resident	0
TMEM230	Q96A57	endomembrane_resident	0
TMEM234	Q8WY98	endomembrane_resident	0
TMEM238L	A6NJY4	endomembrane_resident	0
TMEM239	Q8WW34	endomembrane_resident	0
TMEM244	Q5VVB8	endomembrane_resident	0
TMEM247	A6NEH6	endomembrane_resident	0
TMEM253	P0C7T8	endomembrane_resident	0
TMEM260	Q9NX78	endomembrane_resident	0
TMEM271	A0A286YF58	endomembrane_resident	0
TMEM272	A0A1B0GTI8	endomembrane_resident	0
TMEM276	P0DTL5	nuclear_envelope	0
TMEM33	P57088	endomembrane_resident	0
TMEM35A	Q53FP2	endomembrane_resident	0
TMEM35B	Q8NCS4	endomembrane_resident	0
TMEM38A	Q9H6F2	endomembrane_resident	0
TMEM38B	Q9NVV0	endomembrane_resident	0
TMEM39A	Q9NV64	endomembrane_resident	0
TMEM39B	Q9GZU3	endomembrane_resident	0
TMEM41A	Q96HV5	endomembrane_resident	0
TMEM41B	Q5BJD5	endomembrane_resident	0
TMEM43	Q9BTV4	nuclear_envelope	0
TMEM45B	Q96B21	endomembrane_resident	0
TMEM50B	P56557	endomembrane_resident	0
TMEM51	Q9NW97	endomembrane_resident	0
TMEM53	Q6P2H8	nuclear_envelope	0
TMEM60	Q9H2L4	endomembrane_resident	0
TMEM64	Q6YI46	endomembrane_resident	0
TMEM68	Q96MH6	endomembrane_resident	0
TMEM74B	Q9NUR3	endomembrane_resident	0
TMF1	P82094	endomembrane_resident	0
TMOD1	P28289	inner_leaflet_anchored	0
TMPO	P42166	nuclear_envelope	0
TMSB4Y	O14604	pmhc_only_intracellular	0
TMT1A	Q9H8H3	endomembrane_resident	0
TMT1B	Q6UX53	endomembrane_resident	0
TMUB1	Q9BVT8	endomembrane_resident	0
TMUB2	Q71RG4	endomembrane_resident	0
TNN	Q9UQP3	secreted_only	0
TNR	Q92752	secreted_only	0
TOMT	Q8WZ04	endomembrane_resident	0
TOR1A	O14656	endomembrane_resident	0
TOR1B	O14657	endomembrane_resident	0
TOR2A	Q5JU69	endomembrane_resident	0
TOR3A	Q9H497	endomembrane_resident	0
TOR4A	Q9NXH8	endomembrane_resident	0
TPSD1	Q9BZJ3	secreted_only	0
TPST1	O60507	endomembrane_resident	0
TPST2	O60704	endomembrane_resident	0
TRAM1	Q15629	endomembrane_resident	0
TRAM1L1	Q8N609	endomembrane_resident	0
TRAPPC1	Q9Y5R8	endomembrane_resident	0
TRAPPC10	P48553	endomembrane_resident	0
TRAPPC11	Q7Z392	endomembrane_resident	0
TRAPPC12	Q8WVT3	endomembrane_resident	0
TRAPPC2	P0DI81	endomembrane_resident	0
TRAPPC3	O43617	endomembrane_resident	0
TRAPPC3L	Q5T215	endomembrane_resident	0
TRAPPC4	Q9Y296	endomembrane_resident	0
TRAPPC5	Q8IUR0	endomembrane_resident	0
TRAPPC8	Q9Y2L5	endomembrane_resident	0
TREX1	Q9NSU2	endomembrane_resident	0
TRH	P20396	secreted_only	0
TRIM13	O60858	endomembrane_resident	0
TRIM23	P36406	endomembrane_resident	0
TRIP10	Q15642	inner_leaflet_anchored	0
TRIP11	Q15643	endomembrane_resident	0
TRIP6	Q15654	inner_leaflet_anchored	0
TRIQK	Q629K1	endomembrane_resident	0
TSHB	P01222	secreted_only	0
TSLP	Q969D9	secreted_only	0
TSNARE1	Q96NA8	endomembrane_resident	0
TTC38	Q5R3I4	secreted_only	0
TTC7A	Q9ULT0	inner_leaflet_anchored	0
TTR	P02766	secreted_only	0
TULP1	O00294	inner_leaflet_anchored	0
TUNAR	A0A1B0GTB2	endomembrane_resident	0
TUSC3	Q13454	endomembrane_resident	0
TVP23A	A6NH52	endomembrane_resident	0
TVP23B	Q9NYZ1	endomembrane_resident	0
TVP23C	Q96ET8	endomembrane_resident	0
TWSG1	Q9GZX9	secreted_only	0
TXNDC12	O95881	endomembrane_resident	0
TXNDC16	Q9P2K2	endomembrane_resident	0
TXNDC5	Q8NBS9	endomembrane_resident	0
TXNDC8	Q6A555	endomembrane_resident	0
TYMP	P19971	secreted_only	0
TYSND1	Q2T9J0	other	0
UBE2J1	Q9Y385	endomembrane_resident	0
UBE2J2	Q8N2K1	endomembrane_resident	0
UBIAD1	Q9Y5Z9	endomembrane_resident	0
UBL3	O95164	inner_leaflet_anchored	0
UBXN4	Q92575	endomembrane_resident	0
UBXN8	O00124	endomembrane_resident	0
UCMA	Q8WVF2	secreted_only	0
UCN2	Q96RP3	secreted_only	0
UCN3	Q969E3	secreted_only	0
UGCG	Q16739	endomembrane_resident	0
UGGT2	Q9NYU1	endomembrane_resident	0
UGT1A1	P22309	endomembrane_resident	0
UGT1A10	Q9HAW8	endomembrane_resident	0
UGT1A3	P35503	endomembrane_resident	0
UGT1A4	P22310	endomembrane_resident	0
UGT1A5	P35504	endomembrane_resident	0
UGT1A6	P19224	endomembrane_resident	0
UGT1A7	Q9HAW7	endomembrane_resident	0
UGT1A8	Q9HAW9	endomembrane_resident	0
UGT2A1	P0DTE4	endomembrane_resident	0
UGT2A2	P0DTE5	endomembrane_resident	0
UGT2B10	P36537	endomembrane_resident	0
UGT2B11	O75310	endomembrane_resident	0
UGT2B15	P54855	endomembrane_resident	0
UGT2B17	O75795	endomembrane_resident	0
UGT2B28	Q9BY64	endomembrane_resident	0
UGT2B4	P06133	endomembrane_resident	0
UGT2B7	P16662	endomembrane_resident	0
UNC50	Q53HI1	endomembrane_resident	0
URAD	A6NGE7	other	0
USE1	Q9NZ43	endomembrane_resident	0
USP6	P35125	inner_leaflet_anchored	0
USP6NL	Q92738	inner_leaflet_anchored	0
USP9Y	O00507	pmhc_only_intracellular	0
UTS2	O95399	secreted_only	0
UTY	O14607	pmhc_only_intracellular	0
UXS1	Q8NBZ7	endomembrane_resident	0
VAMP3	Q15836	inner_leaflet_anchored	0
VAPB	O95292	endomembrane_resident	0
VAT1	Q99536	endomembrane_resident	0
VAT1L	Q9HCJ6	endomembrane_resident	0
VAV2	P52735	inner_leaflet_anchored	0
VCX3B	Q9H321	pmhc_only_intracellular	0
VEGFD	O43915	secreted_only	0
VEZT	Q9HBM0	endomembrane_resident	0
VGF	O15240	secreted_only	0
VIP	P01282	secreted_only	0
VIT	Q6UXI7	secreted_only	0
VKORC1	Q9BQB6	endomembrane_resident	0
VKORC1L1	Q8N0U8	endomembrane_resident	0
VMA12	Q8N511	endomembrane_resident	0
VMA21	Q3ZAQ7	endomembrane_resident	0
VPS18	Q9P253	endomembrane_resident	0
VPS41	P49754	endomembrane_resident	0
VPS51	Q9UID3	endomembrane_resident	0
VSNL1	P62760	inner_leaflet_anchored	0
VTI1B	Q9UEU0	endomembrane_resident	0
VWA1	Q6PCB0	secreted_only	0
VWA2	Q5GFL6	secreted_only	0
VWA3A	A6NCI4	secreted_only	0
WASF3	Q9UPY6	inner_leaflet_anchored	0
WDFY1	Q8IWB7	endomembrane_resident	0
WDFY2	Q96P53	inner_leaflet_anchored	0
WDR81	Q562E7	endomembrane_resident	0
WDR83OS	Q9Y284	endomembrane_resident	0
WDR91	A4D1P6	endomembrane_resident	0
WDR97	A6NE52	other	0
WFDC1	Q9HC57	secreted_only	0
WFDC10A	Q9H1F0	secreted_only	0
WFDC10B	Q8IUB3	secreted_only	0
WFDC12	Q8WWY7	secreted_only	0
WFDC13	Q8IUB5	secreted_only	0
WFDC2	Q14508	secreted_only	0
WFDC6	Q9BQY6	secreted_only	0
WFDC9	Q8NEX5	secreted_only	0
WFIKKN1	Q96NZ8	secreted_only	0
WFIKKN2	Q8TEU8	secreted_only	0
WFS1	O76024	endomembrane_resident	0
WLS	Q5T9L3	endomembrane_resident	0
WNT1	P04628	secreted_only	0
WNT10A	Q9GZT5	secreted_only	0
WNT10B	O00744	secreted_only	0
WNT16	Q9UBV4	secreted_only	0
WNT2	P09544	secreted_only	0
WNT2B	Q93097	secreted_only	0
WNT3	P56703	secreted_only	0
WNT6	Q9Y6F9	secreted_only	0
WNT7A	O00755	secreted_only	0
WNT7B	P56706	secreted_only	0
WNT8A	Q9H1J5	secreted_only	0
WNT8B	Q93098	secreted_only	0
WNT9A	O14904	secreted_only	0
WNT9B	O14905	secreted_only	0
WWC2	Q6AWC2	inner_leaflet_anchored	0
XAGE1B	Q9HD64	pmhc_only_intracellular	0
XAGE5	Q8WWM1	pmhc_only_intracellular	0
XCL1	P47992	secreted_only	0
XCL2	Q9UBD3	secreted_only	0
XXYLT1	Q8NBI6	endomembrane_resident	0
XYLT2	Q9H1B5	endomembrane_resident	0
YIF1A	O95070	endomembrane_resident	0
YIPF1	Q9Y548	endomembrane_resident	0
YIPF2	Q9BWQ6	endomembrane_resident	0
YIPF3	Q9GZM5	endomembrane_resident	0
YIPF5	Q969M3	endomembrane_resident	0
YIPF6	Q96EC8	endomembrane_resident	0
YKT6	O15498	endomembrane_resident	0
ZDHHC1	Q8WTX9	endomembrane_resident	0
ZDHHC12	Q96GR4	endomembrane_resident	0
ZDHHC13	Q8IUH4	endomembrane_resident	0
ZDHHC14	Q8IZN3	endomembrane_resident	0
ZDHHC15	Q96MV8	endomembrane_resident	0
ZDHHC16	Q969W1	endomembrane_resident	0
ZDHHC17	Q8IUH5	endomembrane_resident	0
ZDHHC18	Q9NUE0	endomembrane_resident	0
ZDHHC19	Q8WVZ1	endomembrane_resident	0
ZDHHC4	Q9NPG8	endomembrane_resident	0
ZDHHC6	Q9H6R6	endomembrane_resident	0
ZDHHC7	Q9NXF8	endomembrane_resident	0
ZDHHC8	Q9ULC8	endomembrane_resident	0
ZDHHC9	Q9Y397	endomembrane_resident	0
ZFPL1	O95159	endomembrane_resident	0
ZFTRAF1	P0DTL6	nuclear_envelope	0
ZFYVE1	Q9HBF4	endomembrane_resident	0
ZG16	O60844	secreted_only	0
ZMPSTE24	O75844	endomembrane_resident	0
ZNF593OS	A0A0U1RRA0	other	0
ZNRF1	Q8ND25	endomembrane_resident	0
ZYX	Q15942	inner_leaflet_anchored	0
